Price,Open,High,Low,Close,Volume
Ticker,Zinc.L,Zinc.L,Zinc.L,Zinc.L,Zinc.L
DateTime,,,,,
2022-08-30 14:00,11.0500,11.0500,10.9575,10.9575,0
2022-08-31 12:00,10.9400,10.9400,10.8750,10.9400,1350
2022-09-02 07:00,10.0750,10.0750,10.0750,10.0750,0
2022-09-02 13:00,9.9300,9.9300,9.8512,9.8512,951
2022-09-05 07:00,9.9900,9.9900,9.9900,9.9900,157
2022-09-05 08:00,10.0250,10.0250,10.0250,10.0250,10
2022-09-05 09:00,10.1000,10.1300,10.1000,10.1300,1027
2022-09-05 12:00,10.1100,10.1100,10.0725,10.0725,100
2022-09-06 12:00,9.9950,9.9950,9.9775,9.9775,4031
2022-09-07 13:00,9.8500,9.8500,9.7875,9.7875,43
2022-09-08 14:00,9.8500,9.8687,9.8500,9.8500,0
2022-09-09 07:00,10.1250,10.1250,10.1250,10.1250,15894
2022-09-09 10:00,10.1250,10.1250,10.1250,10.1250,41
2022-09-09 15:00,10.0600,10.0600,10.0225,10.0600,100
2022-09-13 15:00,10.1600,10.1675,10.1600,10.1600,191
2022-09-16 07:00,9.7450,9.7450,9.7450,9.7450,263
2022-09-16 09:00,9.6600,9.6600,9.6600,9.6600,84
2022-09-16 12:00,9.7700,9.8000,9.7500,9.8000,331
2022-09-16 13:00,9.8350,9.9450,9.8350,9.8350,1
2022-09-20 10:00,10.0750,10.0750,10.0750,10.0750,41
2022-09-20 14:00,9.9650,9.9650,9.8600,9.9650,79
2022-09-23 07:00,9.6650,9.6650,9.6650,9.6650,0
2022-09-23 11:00,9.5000,9.5000,9.5000,9.5000,220
2022-09-23 12:00,9.5025,9.5025,9.5025,9.5025,8
2022-09-23 15:00,9.5050,9.5050,9.4800,9.5050,25
2022-09-27 09:00,9.2250,9.2250,9.2250,9.2250,63
2022-09-27 13:00,9.1700,9.1700,9.0250,9.0250,58
2022-09-29 08:00,9.0350,9.0350,9.0250,9.0250,10264
2022-09-29 09:00,9.0300,9.0300,9.0300,9.0300,41
2022-09-29 11:00,9.3650,9.3650,9.3325,9.3325,50000
2022-09-30 07:00,9.4450,9.4450,9.4450,9.4450,0
2022-09-30 08:00,9.4275,9.5600,9.4275,9.5600,488
2022-09-30 10:00,9.4750,9.4750,9.4750,9.4750,43
2022-09-30 13:00,9.3500,9.4087,9.3500,9.3500,10200
2022-10-04 12:00,9.4475,9.4475,9.4475,9.4475,1472
2022-10-05 14:00,9.7950,9.7950,9.7075,9.7075,8528
2022-10-06 11:00,9.8900,9.8900,9.8900,9.8900,0
2022-10-06 12:00,9.8925,9.8925,9.8925,9.8925,300
2022-10-06 14:00,9.9550,9.9550,9.8562,9.9550,43
2022-10-11 13:00,9.2025,9.2025,9.2025,9.2025,0
2022-10-11 14:00,9.2850,9.2850,9.2812,9.2850,80
2022-10-12 08:00,9.2050,9.2563,9.2050,9.2050,0
2022-10-13 12:00,9.1125,9.1125,9.1125,9.1125,9850
2022-10-13 14:00,9.1000,9.2812,9.1000,9.1000,150
2022-10-14 07:00,9.4800,9.4800,9.4800,9.4800,0
2022-10-14 09:00,9.3400,9.3525,9.3350,9.3350,660
2022-10-14 13:00,9.3800,9.3800,9.3800,9.3800,758
2022-10-17 08:00,9.2125,9.2125,9.0775,9.0775,0
2022-10-20 13:00,9.3850,9.4312,9.3675,9.4312,0
2022-10-21 10:00,9.5425,9.5425,9.3138,9.3138,0
2022-10-24 11:00,9.4200,9.4200,9.4137,9.4137,2939
2022-10-27 13:00,9.3825,9.3825,9.3825,9.3825,0
2022-10-27 14:00,9.3975,9.3975,9.3675,9.3675,610
2022-10-28 07:00,9.1450,9.1450,9.1450,9.1450,0
2022-10-28 11:00,9.1450,9.1450,8.9762,9.1450,182
2022-11-02 16:00,8.7325,8.7513,8.7325,8.7325,0
2022-11-03 15:00,8.6175,8.6562,8.6175,8.6550,1612
2022-11-11 09:00,9.6350,9.6350,9.6350,9.6350,78
2022-11-11 12:00,9.5750,9.5750,9.5750,9.5750,9900
2022-11-11 15:00,9.5975,9.6725,9.5975,9.6725,3311
2022-11-11 16:00,9.6625,9.6625,9.6075,9.6450,900
2022-11-14 11:00,9.7975,9.7975,9.7975,9.7975,22800
2022-11-14 12:00,9.7975,9.7975,9.7900,9.7900,54615
2022-11-14 14:00,9.8700,9.8700,9.8700,9.8700,8200
2022-11-14 16:00,10.0150,10.0150,9.9400,10.0150,0
2022-11-15 14:00,9.9650,9.9650,9.9650,9.9650,0
2022-11-15 16:00,9.9475,9.9475,9.9325,9.9475,200
2022-11-16 08:00,9.9475,9.9475,9.9475,9.9475,700
2022-11-16 11:00,9.8750,9.8750,9.8750,9.8750,1810
2022-11-16 13:00,9.8325,9.8325,9.8325,9.8325,325
2022-11-16 15:00,9.7500,9.7500,9.7475,9.7475,246
2022-11-17 10:00,9.5450,9.5450,9.5450,9.5450,2530
2022-11-17 15:00,9.6150,9.6150,9.5675,9.5825,3254
2022-11-22 10:00,9.3100,9.3100,9.3100,9.3100,0
2022-11-22 13:00,9.3300,9.3300,9.3300,9.3300,862
2022-11-22 14:00,9.3400,9.3450,9.2388,9.2388,801
2022-11-24 08:00,9.3025,9.3200,9.3025,9.3200,0
2022-11-24 10:00,9.2600,9.2837,9.2600,9.2600,0
2022-11-25 15:00,9.2975,9.3125,9.2850,9.2925,4067
2022-11-28 08:00,9.2775,9.3025,9.2775,9.3025,0
2022-11-28 10:00,9.3150,9.3663,9.3150,9.3150,2183
2022-12-01 12:00,9.7700,9.7700,9.7700,9.7700,0
2022-12-01 15:00,9.7925,9.8050,9.7625,9.7725,3276
2022-12-07 10:00,9.9825,9.9850,9.9825,9.9850,22322
2022-12-07 15:00,10.0150,10.1575,10.0150,10.0150,0
2022-12-08 15:00,10.4050,10.4050,10.3150,10.3600,750
2022-12-09 16:00,10.3950,10.3950,10.3850,10.3850,0
2022-12-12 12:00,10.3900,10.4475,10.3900,10.4475,3471
2022-12-13 14:00,10.6550,10.6550,10.5875,10.6550,0
2022-12-14 08:00,10.5350,10.5350,10.3600,10.3600,14448
2022-12-15 15:00,10.3250,10.3250,10.1125,10.1125,100
2022-12-16 16:00,9.7150,9.7150,9.7025,9.7025,2690
2022-12-19 08:00,9.4675,9.4675,9.4675,9.4675,9722
2022-12-19 15:00,9.6175,9.6175,9.6138,9.6138,0
2022-12-21 11:00,9.7600,9.7600,9.7600,9.7600,0
2022-12-21 13:00,9.7800,9.7800,9.7800,9.7800,10
2022-12-21 14:00,9.7050,9.7225,9.7050,9.7225,1495
2022-12-21 15:00,9.7400,9.7400,9.6163,9.7325,0
2022-12-22 15:00,9.5000,9.5000,9.4300,9.4300,0
2022-12-23 10:00,9.5625,9.5625,9.5625,9.5625,1500
2022-12-23 11:00,9.5550,9.5550,9.5050,9.5050,0
2022-12-28 08:00,9.8800,9.8800,9.8800,9.8800,987
2022-12-28 09:00,9.7975,9.8225,9.7975,9.8100,79302
2022-12-28 11:00,9.7600,9.7600,9.6900,9.7600,0
2022-12-29 08:00,9.7900,9.7900,9.5588,9.7900,0
2022-12-30 08:00,9.6325,9.6325,9.6125,9.6125,0
2023-01-04 08:00,9.5225,9.5887,9.5225,9.5887,0
2023-01-05 15:00,9.6625,9.6625,9.6225,9.6225,0
2023-01-09 10:00,10.0950,10.0950,10.0950,10.0950,916
2023-01-09 14:00,10.2900,10.2900,10.2375,10.2900,0
2023-01-10 16:00,10.1950,10.1950,10.1800,10.1800,0
2023-01-11 09:00,10.2100,10.2100,10.2100,10.2100,20894
2023-01-11 15:00,10.2950,10.2975,10.2950,10.2975,4000
2023-01-12 11:00,10.2250,10.2250,10.2250,10.2250,0
2023-01-12 14:00,10.3300,10.3300,10.3300,10.3300,174
2023-01-12 16:00,10.3850,10.4150,10.3850,10.4150,0
2023-01-13 08:00,10.6000,10.6350,10.6000,10.6350,8427
2023-01-13 15:00,10.6850,10.7650,10.6750,10.6750,1962
2023-01-16 08:00,10.8100,10.8100,10.7600,10.7600,0
2023-01-16 13:00,10.6900,10.6900,10.6000,10.6000,560
2023-01-17 08:00,10.5700,10.5800,10.5700,10.5800,14610
2023-01-18 08:00,10.8100,10.8100,10.8100,10.8100,0
2023-01-18 13:00,10.8950,10.8950,10.8500,10.8500,756
2023-01-18 14:00,10.9500,10.9500,10.9200,10.9200,2250
2023-01-18 15:00,10.9250,10.9350,10.9250,10.9350,91
2023-01-18 16:00,10.8750,10.8800,10.8750,10.8800,50
2023-01-19 08:00,10.8300,10.8300,10.8300,10.8300,5400
2023-01-19 09:00,10.7550,10.7550,10.7550,10.7550,300
2023-01-19 10:00,10.7950,10.8000,10.7850,10.8000,3761
2023-01-19 11:00,10.8000,10.8000,10.7950,10.7950,4199
2023-01-19 12:00,10.8000,10.8400,10.8000,10.8100,2173
2023-01-19 13:00,10.8950,10.9150,10.8950,10.9150,2973
2023-01-19 14:00,10.9450,10.9650,10.9450,10.9650,2996
2023-01-19 15:00,11.0500,11.1000,10.9700,11.1000,6742
2023-01-19 16:00,11.0850,11.0850,11.0400,11.0450,0
2023-01-20 08:00,11.0650,11.0750,11.0650,11.0750,0
2023-01-20 10:00,11.0850,11.0850,10.9600,11.0750,400
2023-01-23 08:00,11.0850,11.0850,11.0850,11.0850,0
2023-01-23 09:00,11.0750,11.0750,11.0000,11.0000,2825
2023-01-23 10:00,10.9050,10.9050,10.9050,10.9050,2800
2023-01-23 11:00,10.9500,10.9500,10.9500,10.9500,0
2023-01-23 12:00,11.0450,11.0450,11.0300,11.0300,6213
2023-01-23 15:00,11.0000,11.0000,10.9900,10.9900,0
2023-01-23 16:00,11.0200,11.0200,11.0050,11.0050,1800
2023-01-24 08:00,11.0200,11.0200,11.0000,11.0000,0
2023-01-24 12:00,10.9750,10.9750,10.9750,10.9750,125
2023-01-24 14:00,10.9050,10.9050,10.9050,10.9050,400
2023-01-24 16:00,11.0500,11.0550,11.0500,11.0525,423
2023-01-25 08:00,11.0750,11.0750,11.0750,11.0750,3385
2023-01-25 15:00,11.0300,11.1025,11.0300,11.0300,0
2023-01-26 08:00,11.2350,11.2450,11.2350,11.2350,0
2023-01-27 08:00,11.2500,11.2750,11.2500,11.2750,0
2023-01-27 13:00,11.2050,11.2050,11.0750,11.2050,300
2023-01-30 08:00,11.0150,11.0850,11.0150,11.0850,0
2023-01-30 15:00,11.0700,11.0700,11.0700,11.0700,0
2023-01-31 12:00,10.9200,10.9575,10.9100,10.9575,11947
2023-02-01 09:00,10.9350,10.9350,10.9350,10.9350,0
2023-02-01 12:00,10.9850,10.9850,10.9850,10.9850,2568
2023-02-01 14:00,10.7800,10.7800,10.7800,10.7800,0
2023-02-01 16:00,10.7550,10.7800,10.7550,10.7800,1800
2023-02-02 08:00,10.7050,10.7050,10.7050,10.7050,0
2023-02-02 12:00,10.6700,10.8300,10.6700,10.8300,370
2023-02-03 09:00,10.7000,10.7050,10.7000,10.7050,5318
2023-02-06 08:00,10.2900,10.3400,10.2900,10.3400,0
2023-02-06 09:00,10.2150,10.2150,10.2150,10.2150,5203
2023-02-06 14:00,10.1200,10.1200,10.0825,10.0825,17943
2023-02-07 14:00,10.0150,10.1925,10.0150,10.1925,9928
2023-02-08 08:00,10.3400,10.3400,10.3400,10.3400,0
2023-02-08 09:00,10.2600,10.2600,10.2600,10.2600,1969
2023-02-08 14:00,10.0850,10.0850,10.0850,10.0850,135
2023-02-08 15:00,10.1000,10.1000,10.0875,10.1000,93
2023-02-09 14:00,10.2200,10.2200,10.0800,10.0800,0
2023-02-10 08:00,9.9850,9.9850,9.9850,9.9850,8942
2023-02-10 14:00,9.8900,9.8900,9.8900,9.8900,47
2023-02-10 16:00,9.7775,9.7900,9.7775,9.7900,3102
2023-02-13 08:00,9.7275,10.0087,9.7200,10.0087,13303
2023-02-14 08:00,9.9550,9.9550,9.9500,9.9550,0
2023-02-15 08:00,9.7875,9.7875,9.6975,9.6975,0
2023-02-16 08:00,9.7650,9.7650,9.7650,9.7650,8660
2023-02-16 09:00,9.7400,9.7675,9.7400,9.7675,16338
2023-02-16 14:00,9.6300,9.6987,9.6300,9.6300,566
2023-02-17 13:00,9.7100,9.7100,9.7100,9.7100,0
2023-02-21 15:00,10.1250,10.1250,10.0700,10.0700,0
2023-02-22 12:00,9.9675,9.9800,9.9675,9.9800,400
2023-02-22 15:00,9.8875,9.8950,9.8725,9.8725,450
2023-02-24 08:00,9.7350,9.7350,9.7350,9.7350,0
2023-02-24 09:00,9.7000,9.7000,9.7000,9.7000,100
2023-02-24 14:00,9.5950,9.6025,9.5875,9.5875,100
2023-02-27 08:00,9.6475,9.6475,9.6475,9.6475,0
2023-02-27 09:00,9.7175,9.7175,9.7025,9.7025,803
2023-02-27 14:00,9.7025,9.7025,9.6700,9.7025,21
2023-02-28 12:00,9.6625,9.7312,9.6625,9.7312,100
2023-03-01 09:00,9.9875,9.9875,9.9875,9.9875,0
2023-03-01 15:00,10.0250,10.0775,10.0250,10.0775,200
2023-03-02 11:00,9.9225,9.9225,9.9225,9.9225,0
2023-03-02 13:00,9.8275,9.8275,9.8275,9.8275,100
2023-03-02 14:00,9.8275,9.8275,9.8188,9.8188,0
2023-03-07 11:00,9.7000,9.7000,9.7000,9.7000,0
2023-03-07 13:00,9.6625,9.6625,9.6525,9.6525,260
2023-03-07 15:00,9.5550,9.5550,9.5250,9.5463,200
2023-03-08 08:00,9.4750,9.6575,9.4750,9.6575,158
2023-03-10 08:00,9.4675,9.4675,9.4675,9.4675,0
2023-03-13 09:00,9.3625,9.3625,9.3625,9.3625,0
2023-03-13 15:00,9.5800,9.5800,9.5250,9.5800,200
2023-03-14 14:00,9.4400,9.4400,9.4350,9.4350,0
2023-03-15 12:00,9.2500,9.2575,9.2500,9.2575,6840
2023-03-16 16:00,9.2475,9.2475,9.2463,9.2475,0
2023-03-17 08:00,9.4025,9.4150,9.4025,9.4100,2226
2023-03-17 12:00,9.3975,9.4100,9.3975,9.4100,100
2023-03-20 08:00,9.3125,9.3125,9.3125,9.3125,0
2023-03-20 13:00,9.3800,9.3800,9.3800,9.3800,190
2023-03-20 16:00,9.3725,9.3775,9.3725,9.3725,1703
2023-03-21 15:00,9.2250,9.2650,9.2250,9.2250,0
2023-03-22 08:00,9.2325,9.3088,9.2325,9.3088,0
2023-03-23 09:00,9.2900,9.4312,9.2850,9.2850,564
2023-03-24 14:00,9.3950,9.3950,9.3550,9.3950,0
2023-03-29 10:00,9.6675,9.6675,9.6675,9.6675,0
2023-03-29 12:00,9.6850,9.6850,9.6850,9.6850,3095
2023-03-29 13:00,9.6500,9.6500,9.6138,9.6138,100
2023-03-30 13:00,9.5425,9.5450,9.4987,9.4987,0
2023-04-03 14:00,9.4250,9.4250,9.3638,9.3638,0
2023-04-04 13:00,9.2200,9.2200,9.1625,9.1625,200
2023-04-04 14:00,9.2250,9.2250,9.2125,9.2250,100
2023-04-05 07:00,9.1000,9.1000,9.0975,9.0975,0
2023-04-05 10:00,9.1475,9.1500,9.1475,9.1500,5907
2023-04-05 13:00,9.0700,9.0850,9.0700,9.0850,0
2023-04-05 14:00,9.0300,9.0750,9.0300,9.0300,0
2023-04-11 12:00,8.9450,8.9450,8.9425,8.9425,0
2023-04-11 13:00,8.9900,8.9900,8.9475,8.9575,3301
2023-04-11 14:00,8.9675,8.9850,8.9175,8.9275,4856
2023-04-11 15:00,8.9475,8.9613,8.9475,8.9613,0
2023-04-12 12:00,8.9425,8.9425,8.9425,8.9425,0
2023-04-12 14:00,9.0125,9.0550,9.0125,9.0550,70
2023-04-13 11:00,9.1725,9.2225,9.1525,9.1525,30
2023-04-14 07:00,9.2575,9.2575,9.2575,9.2575,0
2023-04-14 08:00,9.3275,9.3275,9.2537,9.2800,23697
2023-04-17 14:00,9.1900,9.1987,9.1900,9.1925,1000
2023-04-18 09:00,9.2400,9.2400,9.2400,9.2400,0
2023-04-18 15:00,9.3000,9.3000,9.2500,9.2500,0
2023-04-20 07:00,9.0000,9.0000,8.9650,8.9650,0
2023-04-20 08:00,8.9325,8.9325,8.9325,8.9325,248
2023-04-20 14:00,8.9850,9.0150,8.9850,8.9850,76
2023-04-21 07:00,8.9000,8.9125,8.8975,8.9125,1676
2023-04-25 07:00,8.6475,8.6475,8.6475,8.6475,0
2023-04-25 08:00,8.6025,8.6025,8.6025,8.6025,107
2023-04-25 10:00,8.4650,8.5900,8.4650,8.4650,0
2023-04-26 07:00,8.5725,8.5725,8.5725,8.5725,0
2023-04-26 11:00,8.5275,8.5275,8.5050,8.5050,200
2023-04-26 13:00,8.5800,8.6100,8.5700,8.5700,250
2023-04-26 15:00,8.5837,8.5837,8.5750,8.5837,6090
2023-04-27 09:00,8.4950,8.5863,8.4900,8.5863,0
2023-04-28 09:00,8.5850,8.5850,8.5850,8.5850,0
2023-04-28 11:00,8.7350,8.7350,8.7350,8.7350,100
2023-04-28 14:00,8.6350,8.6350,8.5975,8.6075,670
2023-04-28 15:00,8.5900,8.6062,8.5900,8.6062,24
2023-05-02 07:00,8.5900,8.5900,8.5900,8.5900,244
2023-05-02 08:00,8.4950,8.4950,8.4950,8.4950,0
2023-05-02 13:00,8.4325,8.4325,8.4325,8.4325,100
2023-05-04 13:00,8.4325,8.5087,8.4325,8.5087,407
2023-05-10 12:00,8.4987,8.4987,8.4987,8.4987,100
2023-05-11 10:00,8.4300,8.4300,8.4300,8.4300,200
2023-05-11 14:00,8.3400,8.3400,8.2625,8.3225,50
2023-05-12 13:00,8.3100,8.3100,8.3100,8.3100,0
2023-05-12 14:00,8.3475,8.3475,8.2875,8.2875,85
2023-05-15 10:00,8.3500,8.3500,8.2425,8.2425,61
2023-05-16 11:00,8.1125,8.1125,8.1125,8.1125,0
2023-05-16 12:00,8.0925,8.1225,8.0925,8.1225,228
2023-05-16 13:00,8.1175,8.1175,8.1025,8.1025,309
2023-05-16 14:00,8.1350,8.1350,8.1350,8.1350,164
2023-05-16 15:00,8.0650,8.1075,8.0625,8.1075,647
2023-05-17 08:00,8.2375,8.2375,8.2200,8.2200,206
2023-05-18 13:00,8.0600,8.0600,7.9837,7.9837,1572
2023-05-19 08:00,8.1150,8.1150,8.1150,8.1150,0
2023-05-19 14:00,8.0875,8.0900,8.0875,8.0900,250
2023-05-22 09:00,8.0000,8.0050,7.8913,7.8913,2430
2023-05-23 07:00,7.7700,7.7700,7.7700,7.7700,0
2023-05-23 09:00,7.7575,7.7575,7.7575,7.7575,980
2023-05-23 13:00,7.7425,7.7425,7.7425,7.7425,0
2023-05-24 09:00,7.6050,7.6050,7.6050,7.6050,178
2023-05-24 10:00,7.5425,7.5425,7.5425,7.5425,454
2023-05-24 14:00,7.5012,7.5225,7.5012,7.5225,233
2023-05-25 07:00,7.4325,7.4325,7.4250,7.4250,2637
2023-05-25 11:00,7.2700,7.2700,7.2700,7.2700,0
2023-05-25 14:00,7.4300,7.4300,7.4300,7.4300,30
2023-05-25 15:00,7.3950,7.3962,7.3950,7.3962,5
2023-05-26 08:00,7.4525,7.4525,7.4525,7.4525,427
2023-05-31 11:00,7.3000,7.3225,7.3000,7.3000,50
2023-06-01 07:00,7.4550,7.4550,7.4550,7.4550,100
2023-06-01 14:00,7.3475,7.3475,7.3475,7.3475,100
2023-06-01 15:00,7.3850,7.3900,7.3850,7.3900,81
2023-06-06 09:00,7.4575,7.4625,7.4575,7.4625,0
2023-06-06 13:00,7.4675,7.4675,7.4675,7.4675,200
2023-06-06 14:00,7.5175,7.5850,7.5000,7.5850,19712
2023-06-07 08:00,7.7625,7.7900,7.7625,7.7900,100
2023-06-07 09:00,7.7925,7.8012,7.7425,7.8012,0
2023-06-08 12:00,7.7450,7.8663,7.7450,7.8663,0
2023-06-09 12:00,7.8875,7.9100,7.8875,7.9100,222
2023-06-09 15:00,7.7900,7.7925,7.7775,7.7775,3850
2023-06-12 07:00,7.7300,7.7300,7.7300,7.7300,0
2023-06-12 08:00,7.7525,7.7550,7.7525,7.7550,5200
2023-06-12 14:00,7.6350,7.6562,7.6350,7.6475,0
2023-06-13 07:00,7.7575,7.7575,7.7250,7.7475,0
2023-06-14 12:00,8.0675,8.1000,8.0675,8.1000,14
2023-06-15 08:00,7.9650,8.0600,7.9650,8.0600,1327
2023-06-21 07:00,7.7675,7.7675,7.7675,7.7675,0
2023-06-21 12:00,7.7050,7.7050,7.7050,7.7050,100
2023-06-21 13:00,7.7275,7.9225,7.7275,7.9225,50
2023-06-22 09:00,8.0525,8.0525,7.9825,8.0400,525
2023-06-23 07:00,7.8575,7.8575,7.8575,7.8575,0
2023-06-23 08:00,7.8000,7.8000,7.7387,7.7387,50
2023-06-26 14:00,7.6275,7.6350,7.6250,7.6250,404
2023-06-27 07:00,7.7525,7.7525,7.7525,7.7525,0
2023-06-27 12:00,7.7975,7.7975,7.7975,7.7975,130
2023-06-29 10:00,7.6850,7.6850,7.6600,7.6600,550
2023-06-30 14:00,7.8025,7.8100,7.8025,7.8100,0
2023-07-03 08:00,7.7675,7.7675,7.7675,7.7675,200
2023-07-04 07:00,7.7725,7.8675,7.7725,7.8675,0
2023-07-05 07:00,7.7875,7.7875,7.7875,7.7875,1766
2023-07-05 14:00,7.7150,7.7200,7.7150,7.7200,16
2023-07-05 15:00,7.7125,7.7250,7.7125,7.7188,118098
2023-07-07 09:00,7.7500,7.7550,7.7150,7.7550,20187
2023-07-10 13:00,7.7400,7.7400,7.7400,7.7400,0
2023-07-10 14:00,7.7775,7.7775,7.7775,7.7775,116
2023-07-10 15:00,7.7050,7.7150,7.7025,7.7025,74
2023-07-12 13:00,7.8875,7.8875,7.8875,7.8875,0
2023-07-12 14:00,7.9300,7.9300,7.9275,7.9275,1202
2023-07-13 10:00,8.1650,8.1650,8.1650,8.1650,40
2023-07-13 13:00,8.0775,8.0775,8.0100,8.0100,4383
2023-07-14 12:00,7.9600,7.9637,7.9600,7.9637,0
2023-07-17 12:00,7.8075,7.8575,7.8075,7.8575,0
2023-07-18 08:00,7.8400,7.8400,7.8050,7.8050,0
2023-07-24 07:00,7.7775,7.7775,7.7775,7.7775,0
2023-07-24 08:00,7.7450,7.9125,7.7450,7.9125,95
2023-07-25 11:00,8.0675,8.0675,8.0675,8.0675,0
2023-07-25 13:00,8.0700,8.1375,8.0700,8.1375,810
2023-07-26 07:00,8.1150,8.1150,8.1000,8.1150,0
2023-07-27 10:00,8.1550,8.1550,8.1500,8.1500,6960
2023-07-27 12:00,8.1650,8.1650,8.1650,8.1650,100
2023-07-27 13:00,8.1225,8.1225,8.1225,8.1225,1000
2023-07-27 14:00,8.0675,8.0700,8.0675,8.0700,117
2023-07-28 13:00,8.2125,8.2125,8.2087,8.2087,0
2023-07-31 07:00,8.2275,8.2275,8.2275,8.2275,10
2023-07-31 08:00,8.1975,8.1975,8.1975,8.1975,200
2023-07-31 13:00,8.3900,8.3900,8.3900,8.3900,3964
2023-07-31 14:00,8.3850,8.4137,8.3850,8.4137,0
2023-08-04 15:00,8.2225,8.2250,8.2225,8.2250,0
2023-08-08 11:00,8.0650,8.0650,8.0650,8.0650,0
2023-08-09 12:00,8.0525,8.1200,8.0450,8.1200,2600
2023-08-11 12:00,7.8575,7.8625,7.8575,7.8625,0
2023-08-14 07:00,7.7500,7.7550,7.7500,7.7525,690
2023-08-14 10:00,7.6625,7.6650,7.6625,7.6625,400
2023-08-15 07:00,7.7825,7.7825,7.5862,7.5862,0
2023-08-17 08:00,7.5900,7.5900,7.5900,7.5900,100
2023-08-17 13:00,7.6400,7.6400,7.6400,7.6400,0
2023-08-17 14:00,7.5575,7.5575,7.5575,7.5575,100
2023-08-17 15:00,7.5575,7.5575,7.5487,7.5487,300
2023-08-18 08:00,7.5375,7.5650,7.5375,7.5650,3050
2023-08-18 09:00,7.4750,7.4750,7.4750,7.4750,88
2023-08-21 09:00,7.5425,7.5425,7.5225,7.5225,195
2023-08-21 12:00,7.5325,7.6112,7.5325,7.6112,0
2023-08-25 07:00,7.8800,7.8800,7.8800,7.8800,0
2023-08-25 13:00,7.8850,7.8850,7.8637,7.8637,0
2023-08-29 07:00,7.9975,8.0000,7.9975,8.0000,0
2023-08-29 08:00,8.0325,8.0325,8.0200,8.0325,70
2023-08-31 07:00,8.0325,8.0325,8.0325,8.0325,0
2023-08-31 11:00,7.9800,8.0025,7.9800,8.0025,1
2023-09-01 12:00,8.2150,8.2225,8.2150,8.2225,6029
2023-09-01 14:00,8.1650,8.1650,8.1625,8.1625,7200
2023-09-01 15:00,8.1875,8.1875,8.1775,8.1775,0
2023-09-05 12:00,8.1400,8.1575,8.1400,8.1525,0
2023-09-06 07:00,8.1500,8.1500,8.1500,8.1500,346
2023-09-06 15:00,8.1150,8.1150,8.1062,8.1062,4200
2023-09-08 10:00,8.0000,8.0000,7.9925,7.9988,0
2023-09-11 07:00,8.1725,8.1950,8.1725,8.1950,100
2023-09-11 13:00,8.2675,8.3025,8.2675,8.3025,300
2023-09-11 15:00,8.2800,8.2800,8.2600,8.2600,0
2023-09-12 11:00,8.2250,8.2250,8.2250,8.2250,20
2023-09-12 13:00,8.2350,8.2350,8.1850,8.1850,56
2023-09-14 07:00,8.3575,8.3600,8.3350,8.3425,61601
2023-09-14 08:00,8.4100,8.4388,8.3875,8.4388,0
2023-09-15 10:00,8.4475,8.4475,8.4475,8.4475,2800
2023-09-15 14:00,8.2900,8.2987,8.2700,8.2987,12500
2023-09-20 07:00,8.2725,8.2725,8.2725,8.2725,0
2023-09-20 12:00,8.3575,8.3575,8.3575,8.3575,430
2023-09-20 14:00,8.3700,8.4025,8.3675,8.4025,70
2023-09-21 11:00,8.2200,8.2738,8.2200,8.2738,0
2023-09-25 08:00,8.3250,8.3387,8.3025,8.3387,189
2023-09-28 12:00,8.4800,8.4800,8.4575,8.4575,450
2023-09-28 14:00,8.6050,8.6700,8.6050,8.6575,15203
2023-09-28 15:00,8.6125,8.6538,8.6025,8.6538,0
2023-09-29 12:00,8.6925,8.6925,8.6925,8.6925,1060
2023-09-29 14:00,8.7200,8.7300,8.7200,8.7300,0
2023-10-02 07:00,8.8150,8.8150,8.8150,8.8150,0
2023-10-02 09:00,8.7000,8.7000,8.7000,8.7000,140
2023-10-02 14:00,8.5450,8.5725,8.5425,8.5725,18480
2023-10-04 08:00,8.2450,8.2450,8.2450,8.2450,0
2023-10-04 09:00,8.2300,8.2500,8.2300,8.2500,134850
2023-10-04 12:00,8.3200,8.3200,8.3175,8.3200,0
2023-10-04 14:00,8.1950,8.2225,8.1950,8.2225,138
2023-10-06 07:00,8.2200,8.2775,8.2200,8.2775,0
2023-10-06 12:00,8.2175,8.2662,8.2175,8.2662,876
2023-10-10 08:00,8.1275,8.1325,8.1275,8.1325,200
2023-10-10 14:00,8.1175,8.1175,8.1062,8.1062,20400
2023-10-13 08:00,8.0625,8.0625,8.0400,8.0400,0
2023-10-17 10:00,7.8750,7.8750,7.8750,7.8750,314
2023-10-17 11:00,7.8625,7.8625,7.8625,7.8625,100
2023-10-17 12:00,7.8800,7.8800,7.8800,7.8800,200
2023-10-17 15:00,7.9500,7.9550,7.9500,7.9550,5874
2023-10-20 09:00,7.9675,7.9725,7.9550,7.9650,2717
2023-10-20 14:00,8.0525,8.0525,8.0525,8.0525,200
2023-10-20 15:00,8.0500,8.0525,8.0500,8.0525,0
2023-10-23 09:00,7.9075,7.9837,7.9050,7.9837,4063
2023-10-24 14:00,8.0200,8.0475,8.0200,8.0475,0
2023-10-25 12:00,8.1750,8.1850,8.1725,8.1725,0
2023-10-26 07:00,8.1075,8.1075,8.0087,8.0087,200
2023-10-27 14:00,8.1375,8.1425,8.1325,8.1325,10900
2023-10-31 08:00,8.1200,8.1200,8.0138,8.0138,0
2023-11-01 10:00,8.0225,8.0925,8.0225,8.0925,6000
2023-11-01 11:00,8.1725,8.4725,8.1725,8.2600,80424
2023-11-01 12:00,8.2000,8.2000,8.2000,8.2000,0
2023-11-01 13:00,8.1300,8.1300,8.1300,8.1300,200
2023-11-01 14:00,8.1500,8.2163,8.1500,8.2163,100
2023-11-02 13:00,8.2000,8.2000,8.2000,8.2000,0
2023-11-02 14:00,8.2125,8.2125,8.1625,8.1625,200
2023-11-03 10:00,8.1975,8.1975,8.1975,8.1975,0
2023-11-03 16:00,8.3150,8.3150,8.3050,8.3050,323
2023-11-06 10:00,8.4925,8.4925,8.4388,8.4388,223
2023-11-08 10:00,8.6050,8.6200,8.6050,8.6200,0
2023-11-15 08:00,8.7125,8.7550,8.7125,8.7550,100
2023-11-15 11:00,8.8075,8.8075,8.7675,8.7675,28
2023-11-17 13:00,8.4725,8.4725,8.4163,8.4163,99672
2023-11-27 13:00,8.4000,8.4000,8.3588,8.3588,0
2023-11-30 08:00,8.2100,8.2100,8.2100,8.2100,0
2023-11-30 10:00,8.1575,8.1663,8.1575,8.1663,5997
2023-12-01 09:00,8.2350,8.2350,8.2350,8.2350,0
2023-12-01 15:00,8.2650,8.3188,8.2650,8.3188,200
2023-12-05 13:00,8.0500,8.0500,8.0500,8.0500,0
2023-12-05 14:00,8.0425,8.0425,8.0425,8.0425,36
2023-12-05 16:00,7.9750,7.9812,7.9750,7.9812,4168
2023-12-06 11:00,8.0800,8.0800,8.0138,8.0138,0
2023-12-12 13:00,8.0800,8.0800,8.0800,8.0800,200
2023-12-12 14:00,8.0400,8.0400,8.0250,8.0250,856
2023-12-13 15:00,8.0050,8.0050,8.0000,8.0000,0
2023-12-15 13:00,8.2975,8.3438,8.2975,8.3438,340
2023-12-18 14:00,8.3825,8.3850,8.3675,8.3775,1178
2023-12-19 08:00,8.4525,8.4825,8.4525,8.4775,0
2023-12-19 13:00,8.4600,8.5162,8.4600,8.5162,200
2023-12-21 15:00,8.4300,8.4300,8.4150,8.4150,0
2023-12-22 11:00,8.5725,8.5750,8.5725,8.5750,0
2023-12-27 08:00,8.5750,8.7175,8.5750,8.7175,0
2023-12-28 11:00,8.7250,8.7275,8.7250,8.7275,3122
2024-01-02 09:00,8.7175,8.7175,8.7175,8.7175,0
2024-01-02 12:00,8.6700,8.6725,8.6675,8.6725,1600
2024-01-03 12:00,8.5725,8.5725,8.5725,8.5725,0
2024-01-03 14:00,8.5525,8.5525,8.5100,8.5200,66695
2024-01-03 15:00,8.5325,8.5525,8.5075,8.5250,0
2024-01-03 16:00,8.5525,8.5662,8.5525,8.5662,133
2024-01-04 13:00,8.4475,8.4475,8.4250,8.4300,55403
2024-01-04 14:00,8.3825,8.3925,8.3825,8.3925,0
2024-01-05 14:00,8.4900,8.4900,8.4613,8.4613,0
2024-01-08 14:00,8.2775,8.2875,8.2775,8.2875,127
2024-01-09 08:00,8.3375,8.3375,8.3050,8.3050,0
2024-01-10 10:00,8.3600,8.3600,8.2537,8.2537,0
2024-01-11 16:00,8.2875,8.2875,8.2762,8.2762,1825
2024-01-15 10:00,8.4500,8.5700,8.4500,8.5175,500
2024-01-15 13:00,8.4575,8.4575,8.4575,8.4575,100
2024-01-16 16:00,8.4250,8.4250,8.4075,8.4075,2300
2024-01-17 15:00,8.1625,8.1625,8.1575,8.1575,0
2024-01-18 13:00,8.1000,8.1000,8.1000,8.1000,1800
2024-01-18 14:00,8.1275,8.1275,8.1275,8.1275,200
2024-01-18 15:00,8.1600,8.1600,8.1587,8.1587,0
2024-01-22 15:00,8.1650,8.1650,8.1575,8.1575,0
2024-01-23 12:00,8.2600,8.2600,8.2600,8.2600,0
2024-01-25 13:00,8.5575,8.5650,8.5538,8.5538,1030
2024-01-26 09:00,8.5275,8.5363,8.5275,8.5363,0
2024-02-01 08:00,8.2225,8.2225,8.2225,8.2225,25
2024-02-01 14:00,8.1875,8.1875,8.1650,8.1650,200
2024-02-06 14:00,8.0575,8.0575,8.0288,8.0288,0
2024-02-08 13:00,7.8250,7.8250,7.7700,7.7700,7005
2024-02-08 14:00,7.7350,7.7350,7.6988,7.6988,7300
2024-02-09 08:00,7.5975,7.5975,7.5775,7.5825,0
2024-02-12 08:00,7.5425,7.5425,7.5425,7.5425,82
2024-02-12 11:00,7.6500,7.6562,7.6500,7.6562,175
2024-02-13 13:00,7.6000,7.6275,7.6000,7.6275,0
2024-02-14 10:00,7.5875,7.6250,7.5875,7.6250,0
2024-02-15 10:00,7.6425,7.7550,7.6425,7.7550,34317
2024-02-16 08:00,7.8025,7.8025,7.8025,7.8025,0
2024-02-16 13:00,7.8200,7.8412,7.8200,7.8412,116
2024-02-21 14:00,7.9300,7.9300,7.8863,7.8863,1536
2024-02-22 09:00,7.8925,7.8925,7.8837,7.8837,13445
2024-02-23 08:00,7.9200,7.9200,7.9200,7.9200,0
2024-02-23 10:00,7.8475,7.8950,7.8475,7.8950,90
2024-02-28 14:00,7.9225,7.9425,7.9225,7.9425,37397
2024-02-29 13:00,7.9900,7.9900,7.9812,7.9812,1100
2024-03-04 09:00,8.0400,8.0750,8.0125,8.0750,16580
2024-03-04 11:00,8.0500,8.0562,8.0500,8.0562,2970
2024-03-05 08:00,8.0550,8.0550,8.0550,8.0550,0
2024-03-05 10:00,8.1025,8.1025,8.0975,8.0975,2890
2024-03-06 08:00,8.1325,8.2087,8.1325,8.2087,0
2024-03-07 09:00,8.3375,8.3375,8.3375,8.3375,0
2024-03-07 10:00,8.3425,8.3425,8.3400,8.3400,26072
2024-03-07 11:00,8.3475,8.3538,8.3475,8.3538,143
2024-03-08 14:00,8.3075,8.3088,8.3075,8.3088,0
2024-03-11 08:00,8.3525,8.4712,8.3525,8.4712,0
2024-03-12 13:00,8.4375,8.4563,8.4375,8.4563,2840
2024-03-13 15:00,8.4975,8.4975,8.4925,8.4925,0
2024-03-14 16:00,8.4025,8.4025,8.3787,8.3787,383
2024-03-15 08:00,8.5275,8.5275,8.4312,8.4312,0
2024-03-18 08:00,8.4900,8.4900,8.3363,8.3363,96
2024-03-19 10:00,8.2125,8.2625,8.2125,8.2625,0
2024-03-22 09:00,8.2725,8.2750,8.2725,8.2750,11790
2024-03-22 12:00,8.2200,8.2225,8.1912,8.1912,0
2024-03-25 11:00,8.1525,8.2300,8.1525,8.2300,0
2024-03-27 09:00,7.9500,8.0000,7.9475,7.9925,36027
2024-03-28 08:00,8.0375,8.0375,8.0300,8.0300,0
2024-04-02 07:00,8.1275,8.1325,8.1275,8.1325,0
2024-04-02 13:00,8.2300,8.2300,8.1838,8.1838,0
2024-04-04 14:00,8.6150,8.6300,8.6150,8.6300,4015
2024-04-04 15:00,8.6850,8.7125,8.6700,8.7050,0
2024-04-05 07:00,8.7000,8.7000,8.6412,8.6412,9725
2024-04-08 07:00,8.5700,8.5700,8.5700,8.5700,0
2024-04-08 09:00,8.7600,8.7600,8.7600,8.7600,329
2024-04-08 13:00,8.7900,8.7900,8.7600,8.7600,1050
2024-04-08 14:00,8.6775,8.7800,8.6775,8.7800,100
2024-04-09 07:00,8.7425,8.7675,8.7425,8.7675,1979
2024-04-09 08:00,8.7300,8.7425,8.7300,8.7425,4200
2024-04-09 09:00,8.8050,8.8400,8.8050,8.8400,500
2024-04-09 13:00,8.9650,8.9650,8.8938,8.8938,0
2024-04-10 07:00,9.1025,9.1175,9.1025,9.1175,8
2024-04-10 08:00,9.1275,9.1800,9.1275,9.1800,400
2024-04-10 11:00,9.1275,9.1300,9.1275,9.1300,0
2024-04-10 14:00,8.9725,9.0100,8.9725,9.0013,2023
2024-04-11 08:00,9.1250,9.1250,9.1250,9.1250,0
2024-04-11 14:00,9.0325,9.0638,9.0325,9.0638,739
2024-04-12 09:00,9.4150,9.4200,9.4150,9.4200,4235
2024-04-12 11:00,9.3725,9.3725,9.3500,9.3725,492
2024-04-12 12:00,9.3875,9.3875,9.3700,9.3700,2978
2024-04-12 13:00,9.3900,9.3900,9.3575,9.3575,452
2024-04-12 15:00,9.3450,9.3600,9.3425,9.3600,334
2024-04-15 07:00,9.2775,9.2800,9.1800,9.1800,0
2024-04-15 11:00,9.2150,9.2150,9.2050,9.2050,500
2024-04-15 13:00,9.2375,9.2375,9.1300,9.1300,0
2024-04-16 09:00,8.9500,8.9500,8.9475,8.9500,100
2024-04-16 14:00,8.9900,9.1062,8.9900,9.1062,0
2024-04-17 12:00,9.2500,9.2500,9.2500,9.2500,2622
2024-04-17 15:00,9.3550,9.3550,9.3550,9.3550,0
2024-04-18 07:00,9.3525,9.3775,9.3525,9.3775,487
2024-04-18 08:00,9.3400,9.3400,9.3400,9.3400,268
2024-04-18 09:00,9.3600,9.3625,9.3600,9.3600,17323
2024-04-18 13:00,9.2600,9.2600,9.2600,9.2600,100
2024-04-18 14:00,9.2675,9.3013,9.2675,9.3013,0
2024-04-19 07:00,9.3975,9.3975,9.3800,9.3800,885
2024-04-19 08:00,9.3900,9.4125,9.3900,9.4125,15
2024-04-19 09:00,9.4050,9.4050,9.4050,9.4050,0
2024-04-19 10:00,9.4200,9.4275,9.4175,9.4200,552
2024-04-19 11:00,9.4150,9.4150,9.4150,9.4150,3000
2024-04-19 12:00,9.4100,9.4100,9.4100,9.4100,60
2024-04-19 13:00,9.3650,9.3650,9.3650,9.3650,120
2024-04-19 14:00,9.4425,9.4425,9.3938,9.3938,0
2024-04-22 13:00,9.2850,9.3400,9.2625,9.3400,0
2024-04-23 13:00,9.2100,9.2212,9.2100,9.2212,0
2024-04-24 13:00,9.3000,9.3000,9.2900,9.2900,595
2024-04-25 09:00,9.4325,9.4350,9.4325,9.4350,660
2024-04-25 13:00,9.4475,9.4475,9.4475,9.4475,0
2024-04-25 14:00,9.4150,9.4150,9.4012,9.4012,0
2024-04-26 07:00,9.5375,9.5375,9.5300,9.5300,500
2024-04-26 08:00,9.5575,9.5925,9.5575,9.5900,161
2024-04-26 09:00,9.5700,9.5700,9.5700,9.5700,544
2024-04-26 11:00,9.5275,9.5275,9.5275,9.5275,58
2024-04-26 15:00,9.3825,9.3825,9.3825,9.3825,5
2024-04-29 10:00,9.4875,9.4875,9.4875,9.4875,0
2024-04-29 13:00,9.6300,9.6450,9.5875,9.6125,404
2024-04-29 14:00,9.6325,9.7063,9.6325,9.7063,0
2024-04-30 07:00,9.7625,9.7725,9.7525,9.7550,29779
2024-04-30 10:00,9.6800,9.6800,9.6800,9.6800,400
2024-04-30 12:00,9.6800,9.6800,9.6800,9.6800,419150
2024-04-30 14:00,9.4100,9.6587,9.4000,9.6587,0
2024-05-01 08:00,9.4550,9.5250,9.4550,9.5250,0
2024-05-02 14:00,9.6250,9.6250,9.5850,9.5850,0
2024-05-03 12:00,9.6175,9.6175,9.6150,9.6150,577
2024-05-03 14:00,9.6275,9.6275,9.5700,9.5700,120
2024-05-07 13:00,9.7075,9.7975,9.7075,9.7975,0
2024-05-08 09:00,9.6000,9.6000,9.6000,9.6000,200
2024-05-08 11:00,9.5425,9.5787,9.5425,9.5787,90
2024-05-09 09:00,9.4675,9.6313,9.4675,9.6313,0
2024-05-10 12:00,9.7000,9.7000,9.6700,9.6700,4801
2024-05-13 12:00,9.5700,9.6700,9.5700,9.5700,295054
2024-05-13 13:00,9.8700,9.8725,9.8700,9.8725,0
2024-05-13 14:00,9.8850,9.8850,9.8775,9.8775,0
2024-05-14 07:00,9.8675,9.8950,9.8675,9.8950,14257
2024-05-14 09:00,9.8775,9.8775,9.8775,9.8775,0
2024-05-14 15:00,9.8200,9.9050,9.8200,9.9050,0
2024-05-15 11:00,9.8950,9.8950,9.8950,9.8950,0
2024-05-15 13:00,9.8025,9.8600,9.8025,9.8600,0
2024-05-16 13:00,9.7700,9.7700,9.7188,9.7188,477
2024-05-17 07:00,9.8425,9.8500,9.8400,9.8425,9043
2024-05-17 10:00,9.7950,9.7950,9.7950,9.7950,0
2024-05-17 14:00,9.9175,10.0000,9.9175,10.0000,298
2024-05-17 15:00,10.0350,10.0350,10.0275,10.0275,1375
2024-05-20 07:00,10.1100,10.1750,10.1100,10.1750,13772
2024-05-20 08:00,10.1800,10.1800,10.1800,10.1800,0
2024-05-20 10:00,10.2200,10.2200,10.2200,10.2200,60
2024-05-20 12:00,10.2100,10.2200,10.1200,10.1250,1589
2024-05-20 13:00,10.2900,10.3250,10.2900,10.3250,12615
2024-05-20 14:00,10.3000,10.3450,10.3000,10.3050,0
2024-05-21 07:00,10.3600,10.3900,10.3400,10.3900,14813
2024-05-21 09:00,10.3300,10.3300,10.3300,10.3300,200
2024-05-21 13:00,10.4250,10.4800,10.4250,10.4650,1347
2024-05-21 14:00,10.4400,10.4950,10.4100,10.4100,0
2024-05-22 07:00,10.3450,10.3450,10.3450,10.3450,17
2024-05-22 13:00,10.1500,10.1500,10.0750,10.0750,10
2024-05-23 07:00,10.0000,10.0000,10.0000,10.0000,28071
2024-05-23 14:00,10.1000,10.1000,10.0900,10.0900,0
2024-05-24 07:00,10.1250,10.1700,9.9050,10.1700,4536
2024-05-24 12:00,10.1700,10.1700,10.1700,10.1700,259400
2024-05-28 07:00,10.2100,10.2450,10.1650,10.2450,0
2024-05-28 08:00,10.2350,10.2350,10.2350,10.2350,40
2024-05-28 13:00,10.3050,10.3050,10.3050,10.3050,6
2024-05-28 15:00,10.2350,10.2350,10.2075,10.2075,2497
2024-05-29 07:00,10.3550,10.3550,10.3550,10.3550,0
2024-05-29 10:00,10.3050,10.3050,10.3050,10.3050,13
2024-05-29 13:00,10.3050,10.3050,10.2075,10.2075,158600
2024-05-30 07:00,10.0200,10.0200,10.0200,10.0200,0
2024-05-30 10:00,9.9925,9.9925,9.9925,9.9925,0
2024-05-30 14:00,10.0150,10.0150,10.0000,10.0000,3322
2024-05-30 15:00,10.0500,10.0575,10.0500,10.0575,0
2024-05-31 07:00,10.0550,10.0550,10.0550,10.0550,0
2024-05-31 15:00,9.8500,9.8525,9.8500,9.8525,0
2024-06-03 07:00,9.6975,9.6975,9.6950,9.6950,0
2024-06-03 08:00,9.7200,9.7200,9.6862,9.6862,448
2024-06-04 07:00,9.6550,9.6550,9.6550,9.6550,0
2024-06-04 10:00,9.5750,9.5750,9.5750,9.5750,100
2024-06-04 13:00,9.6075,9.6075,9.5950,9.5950,0
2024-06-04 14:00,9.5950,9.5950,9.5950,9.5950,400
2024-06-04 15:00,9.6125,9.6300,9.6000,9.6300,3333
2024-06-05 08:00,9.5175,9.5175,9.5175,9.5175,0
2024-06-05 10:00,9.4600,9.4600,9.4600,9.4600,0
2024-06-05 14:00,9.3925,9.3925,9.3925,9.3925,200
2024-06-05 15:00,9.4150,9.4237,9.4150,9.4237,430
2024-06-06 07:00,9.5175,9.5175,9.5175,9.5175,0
2024-06-06 13:00,9.5725,9.5900,9.5612,9.5612,397
2024-06-07 12:00,9.4300,9.4300,9.4300,9.4300,0
2024-06-07 13:00,9.4300,9.4300,9.4300,9.4300,231300
2024-06-07 14:00,9.2475,9.2475,9.2400,9.2450,0
2024-06-07 15:00,9.1275,9.1275,9.0175,9.0925,11889
2024-06-10 07:00,9.0975,9.0975,9.0975,9.0975,0
2024-06-10 13:00,9.0975,9.0975,9.0975,9.0975,116000
2024-06-10 15:00,9.2125,9.3150,9.2125,9.3150,0
2024-06-12 11:00,9.2625,9.2625,9.2625,9.2625,9
2024-06-12 14:00,9.3500,9.4462,9.3500,9.4462,0
2024-06-13 14:00,9.4275,9.4275,9.4275,9.4275,0
2024-06-13 15:00,9.3675,9.3787,9.3675,9.3787,2320
2024-06-14 07:00,9.2825,9.2825,9.2825,9.2825,0
2024-06-14 10:00,9.2000,9.2000,9.1950,9.1950,9
2024-06-14 13:00,9.0875,9.1000,9.0875,9.1000,3
2024-06-14 15:00,9.0550,9.0800,9.0500,9.0800,3791
2024-06-17 07:00,9.0725,9.0725,9.0725,9.0725,0
2024-06-17 13:00,9.2525,9.2525,9.2350,9.2350,0
2024-06-18 08:00,9.1550,9.1550,9.1550,9.1550,35
2024-06-18 10:00,9.0875,9.2625,9.0875,9.2625,0
2024-06-20 07:00,9.2025,9.4000,9.2025,9.4000,100
2024-06-21 07:00,9.3800,9.3800,9.3800,9.3800,12717
2024-06-21 11:00,9.3550,9.3550,9.3225,9.3225,0
2024-06-24 07:00,9.3225,9.3350,9.3225,9.3350,0
2024-06-25 07:00,9.3375,9.3375,9.3375,9.3375,1
2024-06-25 13:00,9.4050,9.4050,9.3900,9.3900,2
2024-06-26 07:00,9.5225,9.5225,9.5225,9.5225,197
2024-06-26 10:00,9.5000,9.5000,9.5000,9.5000,20138
2024-06-26 12:00,9.5875,9.6600,9.5875,9.6600,0
2024-06-27 13:00,9.7000,9.7000,9.6088,9.6088,0
2024-06-28 07:00,9.7875,9.7875,9.7875,9.7875,0
2024-06-28 15:00,9.6600,9.6600,9.6275,9.6275,0
2024-07-01 07:00,9.6350,9.6350,9.6075,9.6350,3
2024-07-01 09:00,9.6900,9.7225,9.5900,9.5900,0
2024-07-02 07:00,9.6225,9.6475,9.6225,9.6475,0
2024-07-02 12:00,9.6475,9.6475,9.6475,9.6475,62320
2024-07-02 13:00,9.6225,9.6225,9.5575,9.5575,0
2024-07-03 07:00,9.6475,9.6900,9.6475,9.6900,8624
2024-07-03 10:00,9.6825,9.6825,9.6825,9.6825,19
2024-07-03 11:00,9.7375,9.7375,9.7375,9.7375,1903
2024-07-03 12:00,9.7375,9.7375,9.7375,9.7375,63600
2024-07-03 14:00,9.7675,9.7925,9.7675,9.7925,0
2024-07-04 07:00,9.7450,9.7738,9.7450,9.7738,0
2024-07-05 07:00,9.8300,9.8300,9.8300,9.8300,19463
2024-07-05 09:00,9.8450,9.8450,9.8450,9.8450,100
2024-07-05 12:00,9.8450,9.8450,9.8325,9.8325,0
2024-07-08 07:00,9.7125,9.7125,9.7125,9.7125,2
2024-07-08 14:00,9.7225,9.7775,9.7225,9.7225,4
2024-07-09 09:00,9.6800,9.6800,9.6800,9.6800,0
2024-07-09 12:00,9.5975,9.5975,9.5975,9.5975,0
2024-07-09 13:00,9.5975,9.6125,9.5975,9.6125,11501
2024-07-09 14:00,9.6250,9.6250,9.6250,9.6250,0
2024-07-09 15:00,9.5800,9.5800,9.5612,9.5612,0
2024-07-10 07:00,9.5550,9.5550,9.5550,9.5550,0
2024-07-10 10:00,9.5500,9.5500,9.5500,9.5500,175
2024-07-10 14:00,9.7100,9.7100,9.6950,9.6950,0
2024-07-11 10:00,9.7025,9.7025,9.7025,9.7025,2994
2024-07-11 11:00,9.7325,9.7325,9.6725,9.6725,0
2024-07-12 07:00,9.6025,9.6025,9.5275,9.5600,1016
2024-07-12 12:00,9.5600,9.5600,9.5600,9.5600,62595
2024-07-12 13:00,9.5675,9.6425,9.5675,9.6425,0
2024-07-15 07:00,9.6000,9.6000,9.6000,9.6000,0
2024-07-15 11:00,9.6700,9.6700,9.6700,9.6700,11
2024-07-15 12:00,9.6400,9.6613,9.6400,9.6613,0
2024-07-16 07:00,9.5725,9.5725,9.5725,9.5725,13330
2024-07-16 12:00,9.5600,9.5600,9.5000,9.5000,65
2024-07-16 13:00,9.5000,9.5000,9.5000,9.5000,66400
2024-07-16 15:00,9.4300,9.4300,9.4300,9.4300,0
2024-07-17 07:00,9.3350,9.3350,9.3250,9.3250,23429
2024-07-17 08:00,9.3725,9.3725,9.3725,9.3725,0
2024-07-17 14:00,9.3775,9.3775,9.2950,9.2950,0
2024-07-18 07:00,9.2250,9.2250,9.2250,9.2250,13329
2024-07-18 12:00,9.1550,9.1950,9.1550,9.1950,0
2024-07-19 10:00,9.1150,9.1150,9.1025,9.1025,3
2024-07-19 11:00,9.0925,9.0925,9.0925,9.0925,103
2024-07-19 12:00,9.0525,9.0525,9.0475,9.0525,220
2024-07-19 13:00,9.1250,9.1250,9.1250,9.1250,0
2024-07-19 14:00,9.0900,9.0900,9.0588,9.0588,26560
2024-07-22 07:00,9.0825,9.0825,9.0775,9.0775,0
2024-07-22 11:00,8.8925,8.8925,8.8925,8.8925,195
2024-07-22 13:00,8.9075,8.9075,8.9075,8.9075,340
2024-07-22 14:00,8.9075,8.9075,8.8862,8.8862,0
2024-07-23 07:00,8.8875,8.8875,8.7875,8.7950,1484
2024-07-23 08:00,8.8650,8.8650,8.8650,8.8650,0
2024-07-23 15:00,8.7775,8.7887,8.7700,8.7887,1167
2024-07-24 07:00,8.7925,8.7925,8.7262,8.7262,0
2024-07-25 07:00,8.6450,8.6450,8.5825,8.5825,185
2024-07-25 08:00,8.6725,8.6725,8.6725,8.6725,4
2024-07-25 13:00,8.6700,8.7413,8.6700,8.7413,961
2024-07-26 07:00,8.7575,8.7575,8.7400,8.7400,0
2024-07-29 07:00,8.7525,8.7525,8.6012,8.6012,3000
2024-07-30 13:00,8.6025,8.6025,8.5962,8.5962,0
2024-07-31 14:00,8.8125,8.8125,8.7312,8.7312,270
2024-08-01 14:00,8.7775,8.7775,8.7775,8.7775,0
2024-08-01 15:00,8.7825,8.8025,8.7825,8.7987,2427
2024-08-02 07:00,8.7800,8.7800,8.7800,8.7800,0
2024-08-02 10:00,8.8200,8.8200,8.8200,8.8200,2
2024-08-02 12:00,8.7725,8.7725,8.7725,8.7725,2803
2024-08-02 13:00,8.7725,8.7725,8.6637,8.6637,93800
2024-08-05 07:00,8.5300,8.5300,8.5300,8.5300,0
2024-08-05 11:00,8.4200,8.4200,8.3600,8.3600,5871
2024-08-05 12:00,8.4425,8.4425,8.4425,8.4425,200
2024-08-05 14:00,8.5650,8.5650,8.5650,8.5650,150
2024-08-05 15:00,8.6575,8.6625,8.5988,8.5988,550
2024-08-06 07:00,8.4875,8.4875,8.4875,8.4875,0
2024-08-06 08:00,8.4375,8.4375,8.4350,8.4350,10
2024-08-06 09:00,8.4650,8.4650,8.4650,8.4650,0
2024-08-06 10:00,8.4075,8.4625,8.4075,8.4625,0
2024-08-07 07:00,8.3200,8.3200,8.3200,8.3200,1
2024-08-07 08:00,8.3550,8.3888,8.3550,8.3888,5
2024-08-08 07:00,8.4375,8.4375,8.4000,8.4000,236
2024-08-08 10:00,8.5775,8.5775,8.5775,8.5775,5880
2024-08-08 14:00,8.5600,8.6100,8.5600,8.6100,0
2024-08-09 07:00,8.8500,8.8500,8.8500,8.8500,0
2024-08-09 09:00,8.8850,8.9200,8.8850,8.9200,0
2024-08-09 14:00,9.0225,9.0225,9.0225,9.0225,10202
2024-08-09 15:00,8.8975,8.9312,8.8900,8.9312,5996
2024-08-12 07:00,9.0525,9.0525,9.0525,9.0525,0
2024-08-12 10:00,9.0600,9.0600,9.0037,9.0037,0
2024-08-13 12:00,8.7900,8.7900,8.7688,8.7688,0
2024-08-14 07:00,8.8550,8.8550,8.8550,8.8550,0
2024-08-16 09:00,9.0325,9.0325,9.0275,9.0275,358
2024-08-19 07:00,9.1525,9.1525,9.1525,9.1525,0
2024-08-19 08:00,9.0950,9.1025,9.0950,9.1025,79
2024-08-19 11:00,9.1525,9.1525,9.1525,9.1525,10
2024-08-19 13:00,9.1625,9.1625,9.1250,9.1250,0
2024-08-19 15:00,9.1600,9.1600,9.1325,9.1325,285
2024-08-20 07:00,9.0600,9.0600,9.0600,9.0600,0
2024-08-20 13:00,9.2200,9.2350,9.2200,9.2350,0
2024-08-22 07:00,9.3000,9.3000,9.3000,9.3000,14
2024-08-22 14:00,9.3500,9.3500,9.3025,9.3025,0
2024-08-23 07:00,9.4125,9.4125,9.4125,9.4125,8
2024-08-23 13:00,9.4150,9.4150,9.4150,9.4150,20
2024-08-23 14:00,9.4400,9.5150,9.4400,9.5150,6340
2024-08-27 07:00,9.5175,9.6062,9.4875,9.6062,0
2024-08-28 07:00,9.4925,9.5100,9.4550,9.4550,0
2024-08-28 08:00,9.3675,9.4100,9.3675,9.4100,2
2024-08-29 07:00,9.4875,9.4875,9.4875,9.4875,9
2024-08-29 12:00,9.3800,9.3925,9.3800,9.3925,400
2024-08-30 07:00,9.5150,9.5150,9.5150,9.5150,0
2024-08-30 08:00,9.5475,9.5475,9.4613,9.4613,314
2024-09-02 07:00,9.2450,9.2700,9.2450,9.2700,0
2024-09-02 10:00,9.2600,9.2600,9.2600,9.2600,0
2024-09-02 13:00,9.2650,9.2650,9.2550,9.2550,971
2024-09-03 07:00,9.2225,9.2225,9.2225,9.2225,0
2024-09-03 08:00,9.2175,9.2175,9.2175,9.2175,0
2024-09-03 13:00,9.1475,9.2700,9.1475,9.2700,7500
2024-09-04 07:00,9.2075,9.2075,9.2075,9.2075,0
2024-09-04 12:00,9.0925,9.0925,9.0925,9.0925,2
2024-09-04 14:00,9.1250,9.1475,9.1250,9.1475,5
2024-09-05 07:00,8.9200,8.9225,8.9100,8.9100,0
2024-09-06 07:00,8.9650,8.9650,8.9500,8.9500,100
2024-09-06 12:00,9.0300,9.0300,8.9012,8.9012,200
2024-09-09 13:00,8.8400,8.8875,8.8400,8.8875,0
2024-09-10 08:00,8.7675,8.8350,8.7675,8.8350,0
2024-09-11 07:00,8.9875,8.9875,8.9875,8.9875,0
2024-09-11 12:00,9.0375,9.0375,9.0375,9.0375,0
2024-09-11 13:00,9.0225,9.0225,9.0225,9.0225,531
2024-09-11 15:00,9.0125,9.0513,9.0125,9.0513,1757
2024-09-12 07:00,9.3050,9.3050,9.3050,9.3050,0
2024-09-12 08:00,9.3450,9.3450,9.3250,9.3250,2
2024-09-12 09:00,9.3225,9.3225,9.3075,9.3075,14
2024-09-13 07:00,9.3575,9.3575,9.3275,9.3275,18966
2024-09-13 13:00,9.3275,9.4812,9.3275,9.4812,54634
2024-09-16 10:00,9.5275,9.6112,9.5275,9.6112,0
2024-09-17 09:00,9.5500,9.5500,9.5500,9.5500,21400
2024-09-17 13:00,9.5425,9.5887,9.5425,9.5887,1
2024-09-18 07:00,9.4550,9.4788,9.4550,9.4788,0
2024-09-19 10:00,9.5850,9.5850,9.5638,9.5638,0
2024-09-20 15:00,9.4175,9.4175,9.3737,9.3737,600
2024-09-23 07:00,9.3475,9.3475,9.3475,9.3475,0
2024-09-23 09:00,9.3125,9.4350,9.3100,9.4350,5287
2024-09-24 07:00,9.6075,9.6075,9.6075,9.6075,0
2024-09-24 08:00,9.7350,9.7350,9.7350,9.7350,237
2024-09-24 13:00,9.7425,9.7675,9.7425,9.7675,76
2024-09-24 15:00,9.8200,9.8200,9.8125,9.8125,0
2024-09-25 07:00,9.8025,9.8025,9.8025,9.8025,0
2024-09-25 13:00,9.8925,9.8925,9.8188,9.8188,3
2024-09-26 07:00,9.9150,9.9150,9.9150,9.9150,85
2024-09-26 09:00,9.9400,9.9925,9.9400,9.9925,156
2024-09-26 12:00,10.1000,10.1000,10.1000,10.1000,7866
2024-09-26 13:00,10.1000,10.1400,10.1000,10.1400,0
2024-09-27 08:00,10.0850,10.0850,10.0850,10.0850,8
2024-09-27 11:00,10.0850,10.0850,10.0850,10.0850,195
2024-09-27 12:00,10.0850,10.0850,10.0850,10.0850,133900
2024-09-27 14:00,10.1700,10.1700,10.1275,10.1275,0
2024-09-30 07:00,10.1900,10.1900,10.1000,10.1000,108
2024-09-30 08:00,10.1900,10.1900,10.1900,10.1900,5489
2024-09-30 09:00,10.2050,10.2050,10.2050,10.2050,18
2024-09-30 12:00,10.1550,10.1550,10.1550,10.1550,0
2024-09-30 13:00,10.1800,10.1800,10.1800,10.1800,10
2024-09-30 14:00,10.1700,10.1950,10.1225,10.1225,0
2024-10-01 07:00,10.2200,10.2200,10.2200,10.2200,4
2024-10-01 08:00,10.1900,10.2000,10.1900,10.2000,498
2024-10-01 09:00,10.1850,10.1850,10.1850,10.1850,2
2024-10-01 11:00,10.2500,10.2500,10.2500,10.2500,19
2024-10-01 13:00,10.2450,10.2550,10.2450,10.2550,3
2024-10-01 14:00,10.2700,10.3025,10.2700,10.3025,0
2024-10-02 07:00,10.3350,10.3850,10.3350,10.3850,0
2024-10-02 09:00,10.2750,10.2750,10.2750,10.2750,174
2024-10-02 12:00,10.3200,10.3550,10.3200,10.3550,46
2024-10-02 14:00,10.3950,10.3950,10.3825,10.3825,0
2024-10-03 07:00,10.4550,10.4850,10.3500,10.3500,1019
2024-10-03 11:00,10.3200,10.3200,10.2075,10.2075,0
2024-10-04 07:00,10.2450,10.2450,10.2450,10.2450,0
2024-10-04 13:00,10.4450,10.4450,10.3175,10.3175,2
2024-10-07 07:00,10.3350,10.3600,10.3350,10.3600,236
2024-10-07 08:00,10.3900,10.3900,10.3900,10.3900,886
2024-10-07 09:00,10.3650,10.3950,10.3650,10.3950,0
2024-10-07 12:00,10.3800,10.3800,10.3800,10.3800,0
2024-10-07 14:00,10.4150,10.4150,10.3600,10.3600,0
2024-10-08 07:00,10.1200,10.1200,10.1200,10.1200,0
2024-10-08 13:00,10.1300,10.1600,10.0925,10.0925,0
2024-10-09 14:00,9.7500,9.8663,9.7500,9.8663,10
2024-10-10 07:00,9.8700,9.8725,9.8700,9.8725,3413
2024-10-10 13:00,10.0650,10.0650,10.0650,10.0650,0
2024-10-10 15:00,10.0500,10.0950,10.0500,10.0950,1688
2024-10-11 07:00,10.1100,10.1450,10.1050,10.1050,2602
2024-10-11 10:00,10.2000,10.2000,10.2000,10.2000,0
2024-10-11 14:00,10.2750,10.3175,10.2750,10.3175,6006
2024-10-14 07:00,10.1900,10.1900,10.1600,10.1600,0
2024-10-14 09:00,10.1300,10.1300,10.1300,10.1300,0
2024-10-14 12:00,10.0500,10.0500,10.0500,10.0500,3
2024-10-14 13:00,9.9825,9.9825,9.9825,9.9825,7
2024-10-14 14:00,9.9850,9.9850,9.9850,9.9850,2
2024-10-14 15:00,10.0400,10.0400,10.0250,10.0250,1
2024-10-15 07:00,9.9575,9.9575,9.9575,9.9575,0
2024-10-15 10:00,9.8400,9.8400,9.8400,9.8400,19
2024-10-15 13:00,9.8975,9.9487,9.8975,9.9487,0
2024-10-16 07:00,10.0800,10.0800,10.0800,10.0800,0
2024-10-16 13:00,10.0700,10.0700,10.0700,10.0700,2
2024-10-16 15:00,9.9700,9.9812,9.9700,9.9812,0
2024-10-17 09:00,9.7800,9.7800,9.7800,9.7800,1
2024-10-17 14:00,9.9825,9.9825,9.9663,9.9663,2
2024-10-18 13:00,10.1100,10.1100,10.1000,10.1000,7
2024-10-21 07:00,10.2400,10.2400,10.2050,10.2050,40096
2024-10-21 08:00,10.2450,10.2550,10.2450,10.2550,0
2024-10-21 09:00,10.2450,10.2450,10.2200,10.2200,1103
2024-10-21 10:00,10.2350,10.2350,10.2350,10.2350,0
2024-10-21 11:00,10.2150,10.2150,10.2100,10.2100,32
2024-10-21 12:00,10.1900,10.1900,10.1900,10.1900,40
2024-10-21 13:00,10.0950,10.1650,10.0950,10.1650,0
2024-10-21 15:00,10.0800,10.0850,10.0500,10.0500,4595
2024-10-22 07:00,10.1950,10.1950,10.1950,10.1950,0
2024-10-22 09:00,10.2350,10.2350,10.2350,10.2350,0
2024-10-22 12:00,10.2850,10.2850,10.2700,10.2700,12
2024-10-23 07:00,10.2750,10.2750,10.2750,10.2750,36
2024-10-23 08:00,10.2850,10.2850,10.2850,10.2850,2
2024-10-23 10:00,10.3250,10.3250,10.3150,10.3150,151
2024-10-23 14:00,10.3350,10.3350,10.3250,10.3300,7773
2024-10-24 07:00,10.7350,10.8100,10.7350,10.7850,0
2024-10-24 08:00,10.7350,10.7350,10.5550,10.5600,2606
2024-10-24 09:00,10.5150,10.5150,10.5150,10.5150,4497
2024-10-24 11:00,10.4900,10.4900,10.4900,10.4900,0
2024-10-24 13:00,10.6300,10.6300,10.4575,10.4575,37
2024-10-25 07:00,10.2200,10.2200,10.1950,10.1950,12411
2024-10-25 14:00,10.1400,10.1600,10.1400,10.1600,20
2024-10-28 08:00,10.0950,10.0950,10.0950,10.0950,0
2024-10-28 09:00,10.0450,10.0450,10.0450,10.0450,1
2024-10-28 13:00,10.1650,10.2550,10.1650,10.2550,3
2024-10-29 08:00,10.2850,10.2850,10.2650,10.2650,894
2024-10-31 14:00,9.9300,9.9300,9.9300,9.9300,0
2024-10-31 16:00,9.9175,9.9450,9.9175,9.9450,1831
2024-11-01 08:00,9.9425,9.9425,9.9425,9.9425,0
2024-11-01 10:00,9.9875,9.9875,9.9800,9.9800,0
2024-11-01 13:00,10.0550,10.0550,10.0550,10.0550,114
2024-11-01 14:00,10.0400,10.0550,10.0400,10.0550,0
2024-11-04 08:00,10.0400,10.0800,9.9738,9.9738,0
2024-11-05 15:00,10.1400,10.1425,10.1400,10.1425,92
2024-11-06 08:00,10.0200,10.0200,10.0200,10.0200,0
2024-11-06 09:00,10.0200,10.0200,10.0200,10.0200,5
2024-11-06 12:00,9.7825,9.7825,9.7450,9.7450,600
2024-11-06 15:00,9.7500,9.7500,9.7500,9.7500,0
2024-11-06 16:00,9.7650,9.7650,9.7600,9.7600,1
2024-11-07 08:00,9.9500,9.9500,9.9500,9.9500,0
2024-11-07 09:00,10.0250,10.0250,10.0250,10.0250,200
2024-11-07 14:00,10.0550,10.0550,9.9950,9.9950,0
2024-11-08 08:00,9.9700,9.9700,9.9700,9.9700,0
2024-11-08 15:00,9.8200,9.8200,9.7587,9.7587,228
2024-11-11 08:00,9.7700,9.7700,9.7700,9.7700,0
2024-11-11 09:00,9.8450,9.8450,9.8425,9.8450,2742
2024-11-11 10:00,9.8600,9.8600,9.8600,9.8600,0
2024-11-11 14:00,9.8025,9.8025,9.8000,9.8000,927
2024-11-11 15:00,9.7700,9.7700,9.7700,9.7700,0
2024-11-11 16:00,9.7600,9.7600,9.7413,9.7413,0
2024-11-12 08:00,9.6375,9.6525,9.6375,9.6525,10
2024-11-12 10:00,9.5575,9.5575,9.5575,9.5575,496
2024-11-12 14:00,9.6325,9.6375,9.6300,9.6375,151
2024-11-13 13:00,9.6500,9.6500,9.6500,9.6500,0
2024-11-13 14:00,9.7075,9.7200,9.7075,9.7175,37
2024-11-13 15:00,9.6200,9.7788,9.6200,9.7788,107
2024-11-14 08:00,9.4650,9.4950,9.4575,9.4575,0
2024-11-14 09:00,9.4225,9.4225,9.4225,9.4225,714
2024-11-14 14:00,9.4225,9.7075,9.4225,9.6788,148449
2024-11-15 08:00,9.6475,9.8700,9.6475,9.8675,0
2024-11-15 09:00,9.7425,9.8225,9.7425,9.7775,13000
2024-11-15 10:00,9.7775,9.9150,9.7775,9.9150,7500
2024-11-15 11:00,9.8950,9.9600,9.8950,9.9125,58900
2024-11-15 12:00,9.8975,9.8975,9.8425,9.8425,6000
2024-11-15 13:00,9.8325,9.8325,9.6925,9.6925,4100
2024-11-18 08:00,9.6975,9.6975,9.6975,9.6975,0
2024-11-18 15:00,9.6250,9.6900,9.6250,9.6900,100
2024-11-19 08:00,9.7200,9.7200,9.7200,9.7200,0
2024-11-19 14:00,9.7050,9.7338,9.7050,9.7338,0
2024-11-20 08:00,9.8125,9.8125,9.8000,9.8000,34584
2024-11-20 10:00,9.7325,9.7325,9.7325,9.7325,0
2024-11-20 11:00,9.7800,9.7800,9.7475,9.7475,49
2024-11-20 13:00,9.8125,9.8125,9.8125,9.8125,5
2024-11-20 14:00,9.7800,9.8150,9.7750,9.8150,105
2024-11-21 10:00,9.7800,9.7800,9.7800,9.7800,0
2024-11-21 13:00,9.8650,9.8650,9.8650,9.8650,14
2024-11-21 15:00,9.8850,9.9100,9.8237,9.8237,1713
2024-11-22 08:00,9.8450,9.8450,9.8450,9.8450,0
2024-11-22 09:00,9.8450,9.8450,9.8450,9.8450,6
2024-11-22 11:00,9.7900,9.7900,9.7900,9.7900,18
2024-11-22 12:00,9.7300,9.7537,9.7300,9.7537,3655
2024-11-25 08:00,9.7800,9.8175,9.7800,9.8175,0
2024-11-25 09:00,9.8525,9.8525,9.8525,9.8525,70
2024-11-25 15:00,9.9050,9.9062,9.9050,9.9062,2
2024-11-26 09:00,10.1100,10.1100,10.1100,10.1100,107
2024-11-26 13:00,10.1100,10.1100,10.1100,10.1100,373900
2024-11-26 14:00,10.1200,10.1200,10.1200,10.1200,2
2024-11-26 16:00,10.1450,10.1450,10.1225,10.1225,6
2024-11-27 10:00,10.2700,10.2700,10.2700,10.2700,0
2024-11-27 13:00,10.1850,10.1850,10.1850,10.1850,124
2024-11-27 16:00,10.3150,10.3150,10.2775,10.2775,130
2024-11-28 08:00,10.1100,10.1100,10.1100,10.1100,0
2024-11-28 11:00,10.0150,10.0150,10.0150,10.0150,6
2024-11-28 14:00,10.0100,10.0100,10.0100,10.0100,75
2024-11-28 16:00,10.0700,10.0700,10.0500,10.0500,0
2024-11-29 10:00,10.1250,10.1250,10.1250,10.1250,0
2024-11-29 14:00,10.1550,10.1550,10.1350,10.1350,64
2024-11-29 16:00,10.2050,10.2050,10.1950,10.1950,482
2024-12-02 08:00,10.1600,10.1600,10.1600,10.1600,0
2024-12-02 09:00,10.2000,10.2000,10.1450,10.1600,5152
2024-12-02 13:00,10.1550,10.1550,10.1550,10.1550,28
2024-12-02 16:00,10.1250,10.1350,10.1200,10.1200,160
2024-12-03 08:00,10.1600,10.1600,10.1300,10.1300,0
2024-12-03 11:00,10.1450,10.1450,10.1450,10.1450,42
2024-12-03 16:00,10.1850,10.1950,10.1750,10.1750,132
2024-12-04 15:00,10.1700,10.1700,10.1700,10.1700,0
2024-12-04 16:00,10.1750,10.2100,10.1750,10.1775,2317
2024-12-05 08:00,10.1600,10.1600,10.1600,10.1600,0
2024-12-05 09:00,10.2250,10.2250,10.2250,10.2250,0
2024-12-05 13:00,10.2200,10.2200,10.2200,10.2200,200
2024-12-05 16:00,10.2450,10.2450,10.2300,10.2325,525
2024-12-06 11:00,10.1300,10.1300,10.1300,10.1300,0
2024-12-06 14:00,10.0900,10.0900,10.0900,10.0900,0
2024-12-06 16:00,10.0650,10.0750,10.0575,10.0575,7533
2024-12-09 08:00,10.2400,10.2400,10.2150,10.2150,0
2024-12-09 09:00,10.2700,10.2700,10.2700,10.2700,0
2024-12-09 12:00,10.2500,10.2500,10.2500,10.2500,0
2024-12-09 16:00,10.2200,10.2400,10.2200,10.2400,132
2024-12-10 08:00,10.2150,10.2150,10.1950,10.1950,0
2024-12-10 09:00,10.2300,10.2300,10.2300,10.2300,349
2024-12-10 11:00,10.2000,10.2000,10.2000,10.2000,10
2024-12-10 16:00,10.2600,10.2750,10.2600,10.2750,647
2024-12-11 08:00,10.2200,10.2500,10.1750,10.2500,0
2024-12-11 11:00,10.2550,10.2600,10.2550,10.2600,330
2024-12-11 14:00,10.2250,10.2250,10.2250,10.2250,701
2024-12-11 16:00,10.2400,10.2400,10.2400,10.2400,349
2024-12-12 09:00,10.2400,10.2400,10.2400,10.2400,0
2024-12-12 15:00,10.0600,10.0600,10.0600,10.0600,0
2024-12-12 16:00,10.0750,10.0750,10.0600,10.0600,183
2024-12-13 10:00,10.2100,10.2100,10.2100,10.2100,0
2024-12-13 15:00,10.1450,10.1450,10.1450,10.1450,1
2024-12-13 16:00,10.1300,10.1375,10.1200,10.1375,140
2024-12-16 16:00,10.0350,10.0450,10.0075,10.0075,1269
2024-12-17 14:00,9.9800,9.9800,9.9800,9.9800,0
2024-12-17 16:00,9.9500,9.9563,9.9475,9.9563,957
2024-12-18 08:00,9.8125,9.8125,9.8125,9.8125,0
2024-12-18 14:00,9.8500,9.8650,9.8225,9.8650,2927
2024-12-18 15:00,9.8125,9.8125,9.8125,9.8125,1
2024-12-18 16:00,9.8025,9.8188,9.8025,9.8188,120
2024-12-19 08:00,9.7200,9.7225,9.7200,9.7225,0
2024-12-19 09:00,9.7025,9.7025,9.7025,9.7025,6774
2024-12-19 16:00,9.7425,9.7425,9.7275,9.7275,183
2024-12-20 08:00,9.7925,9.7925,9.7925,9.7925,0
2024-12-20 16:00,9.7525,9.7525,9.7288,9.7288,95
2024-12-23 11:00,9.8950,9.9200,9.8950,9.9200,1
2024-12-23 16:00,9.8100,9.8375,9.8050,9.8363,2270
2024-12-24 08:00,9.9475,9.9475,9.9475,9.9475,0
2024-12-24 12:00,9.9750,9.9925,9.9750,9.9925,8
2024-12-27 08:00,9.9050,9.9525,9.9050,9.9500,0
2024-12-27 15:00,9.9400,9.9400,9.9400,9.9400,0
2024-12-27 16:00,9.9475,9.9475,9.9325,9.9325,56
2024-12-30 08:00,9.9900,9.9900,9.9900,9.9900,0
2024-12-30 16:00,9.9050,9.9225,9.9050,9.9225,30
2024-12-31 12:00,9.9075,9.9075,9.8800,9.8925,29
2025-01-02 08:00,9.8075,9.8350,9.8075,9.8350,0
2025-01-02 16:00,9.6350,9.6450,9.6225,9.6225,503
2025-01-03 08:00,9.5700,9.5700,9.5700,9.5700,0
2025-01-03 16:00,9.4725,9.4838,9.4725,9.4838,63
2025-01-06 08:00,9.4350,9.4725,9.4350,9.4725,0
2025-01-06 09:00,9.4725,9.4725,9.4725,9.4725,52
2025-01-06 12:00,9.5725,9.5725,9.5725,9.5725,200
2025-01-06 14:00,9.5375,9.5375,9.5375,9.5375,0
2025-01-06 16:00,9.4875,9.4925,9.4875,9.4925,129
2025-01-07 08:00,9.4700,9.4700,9.4700,9.4700,0
2025-01-07 12:00,9.4075,9.4075,9.4075,9.4075,68
2025-01-07 15:00,9.4350,9.4350,9.4350,9.4350,0
2025-01-07 16:00,9.4575,9.4575,9.4312,9.4312,1
2025-01-08 09:00,9.3600,9.3650,9.3600,9.3650,7861
2025-01-08 11:00,9.3000,9.3000,9.3000,9.3000,0
2025-01-08 14:00,9.2750,9.2750,9.2750,9.2750,0
2025-01-08 16:00,9.2725,9.2775,9.2600,9.2600,5823
2025-01-09 08:00,9.2450,9.2450,9.2450,9.2450,0
2025-01-09 16:00,9.3375,9.3375,9.3337,9.3337,49
2025-01-10 16:00,9.4375,9.4375,9.4288,9.4288,62
2025-01-13 08:00,9.4400,9.4400,9.4400,9.4400,0
2025-01-13 14:00,9.4075,9.4075,9.4075,9.4075,1
2025-01-13 16:00,9.4025,9.4175,9.3862,9.3862,128
2025-01-14 12:00,9.4200,9.4200,9.4200,9.4200,0
2025-01-14 16:00,9.4000,9.4000,9.3975,9.3975,5
2025-01-15 09:00,9.2425,9.2450,9.2425,9.2450,0
2025-01-15 14:00,9.2450,9.2450,9.2450,9.2450,76700
2025-01-15 16:00,9.4000,9.4000,9.3950,9.3950,19
2025-01-16 10:00,9.4350,9.4350,9.4350,9.4350,0
2025-01-16 14:00,9.3800,9.4275,9.3800,9.4275,5
2025-01-16 16:00,9.4100,9.4113,9.3875,9.4113,86
2025-01-17 09:00,9.5825,9.5825,9.5800,9.5800,391
2025-01-17 11:00,9.5825,9.5825,9.5775,9.5775,196
2025-01-17 16:00,9.6675,9.6675,9.6488,9.6488,105
2025-01-20 08:00,9.6425,9.6425,9.6425,9.6425,0
2025-01-20 10:00,9.5800,9.6050,9.5800,9.6050,264
2025-01-20 16:00,9.7400,9.7500,9.7338,9.7338,224
2025-01-21 08:00,9.6200,9.6200,9.6200,9.6200,0
2025-01-21 16:00,9.5150,9.5150,9.5150,9.5150,7
2025-01-22 08:00,9.4475,9.4475,9.4375,9.4375,0
2025-01-22 09:00,9.4450,9.4450,9.4450,9.4450,188
2025-01-22 12:00,9.4650,9.4650,9.4650,9.4650,100
2025-01-22 15:00,9.4825,9.4825,9.4825,9.4825,21900
2025-01-22 16:00,9.4650,9.4712,9.4650,9.4712,0
2025-01-23 08:00,9.3425,9.3425,9.3425,9.3425,0
2025-01-23 12:00,9.3750,9.3750,9.3750,9.3750,34
2025-01-23 13:00,9.3750,9.3800,9.3575,9.3575,235
2025-01-23 14:00,9.3425,9.3425,9.3425,9.3425,81
2025-01-23 15:00,9.3425,9.3425,9.3425,9.3425,2
2025-01-23 16:00,9.3350,9.3350,9.3138,9.3138,164
2025-01-24 08:00,9.4350,9.4500,9.4350,9.4500,0
2025-01-24 16:00,9.2350,9.2437,9.2350,9.2437,37
2025-01-27 08:00,9.2375,9.2375,9.2375,9.2375,0
2025-01-27 09:00,9.2600,9.2600,9.2600,9.2600,2
2025-01-27 14:00,9.3025,9.3025,9.3025,9.3025,0
2025-01-27 16:00,9.2525,9.2662,9.2525,9.2662,39
2025-01-28 12:00,9.1600,9.1600,9.1600,9.1600,159
2025-01-28 16:00,9.0950,9.0950,9.0900,9.0900,84
2025-01-29 08:00,9.0000,9.0000,9.0000,9.0000,716
2025-01-29 14:00,9.0975,9.0975,9.0975,9.0975,100
2025-01-29 16:00,9.1250,9.1300,9.1250,9.1263,443
2025-01-30 08:00,9.0900,9.0900,9.0900,9.0900,0
2025-01-30 14:00,9.1900,9.1925,9.1900,9.1925,400
2025-01-30 16:00,9.1313,9.1313,9.1313,9.1313,0
2025-01-31 10:00,9.0625,9.0625,9.0625,9.0625,10
2025-01-31 16:00,8.9800,8.9800,8.9663,8.9663,126
2025-02-03 08:00,8.9100,8.9275,8.9100,8.9275,358
2025-02-03 16:00,9.1700,9.1700,9.1587,9.1587,148
2025-02-04 08:00,9.1400,9.1400,9.1400,9.1400,0
2025-02-04 09:00,9.1875,9.1875,9.1875,9.1875,600
2025-02-04 10:00,9.1975,9.1975,9.1975,9.1975,0
2025-02-04 13:00,9.1775,9.1775,9.1775,9.1775,20
2025-02-04 16:00,9.1700,9.1700,9.1650,9.1650,50
2025-02-05 08:00,9.1350,9.1350,9.1100,9.1100,582
2025-02-05 10:00,9.0775,9.0775,9.0775,9.0775,2
2025-02-05 11:00,9.0500,9.0500,9.0500,9.0500,1000
2025-02-05 13:00,9.0000,9.0000,9.0000,9.0000,2000
2025-02-05 14:00,9.0350,9.0350,9.0350,9.0350,0
2025-02-05 16:00,9.0475,9.0700,9.0475,9.0625,918
2025-02-06 08:00,9.1925,9.1925,9.1925,9.1925,0
2025-02-06 16:00,9.2025,9.2025,9.1875,9.1875,127
2025-02-07 09:00,9.3600,9.3600,9.3600,9.3600,4797
2025-02-07 12:00,9.3625,9.3650,9.3625,9.3650,200
2025-02-07 13:00,9.3300,9.3300,9.3300,9.3300,204
2025-02-07 14:00,9.3300,9.3300,9.3300,9.3300,4023
2025-02-07 16:00,9.2700,9.2850,9.2700,9.2788,3827
2025-02-10 08:00,9.2525,9.2925,9.2525,9.2925,0
2025-02-10 11:00,9.2675,9.2675,9.2675,9.2675,37
2025-02-10 15:00,9.2825,9.3025,9.2825,9.3025,0
2025-02-10 16:00,9.2775,9.2900,9.2775,9.2900,44
2025-02-11 08:00,9.2250,9.2250,9.2250,9.2250,0
2025-02-11 16:00,9.1975,9.2150,9.1975,9.2037,136
2025-02-12 08:00,9.2675,9.3450,9.2675,9.3350,89
2025-02-12 09:00,9.3650,9.3650,9.3650,9.3650,0
2025-02-12 16:00,9.3425,9.3425,9.3425,9.3425,354
2025-02-13 08:00,9.3200,9.3200,9.3200,9.3200,1546
2025-02-13 10:00,9.3325,9.3325,9.3325,9.3325,0
2025-02-13 16:00,9.2700,9.2788,9.2700,9.2788,39
2025-02-14 10:00,9.4450,9.4475,9.4450,9.4475,2847
2025-02-14 13:00,9.3550,9.3575,9.3550,9.3575,0
2025-02-14 14:00,9.3400,9.3525,9.3375,9.3525,6012
2025-02-14 16:00,9.2900,9.2900,9.2788,9.2788,0
2025-02-17 08:00,9.2850,9.2850,9.2850,9.2850,0
2025-02-17 10:00,9.2500,9.2500,9.2500,9.2500,1
2025-02-17 13:00,9.3300,9.3300,9.3300,9.3300,2
2025-02-17 14:00,9.3250,9.3425,9.3250,9.3425,107
2025-02-17 16:00,9.3400,9.3550,9.3400,9.3550,4
2025-02-18 16:00,9.4025,9.4100,9.4025,9.4100,0
2025-02-19 08:00,9.4150,9.4425,9.4150,9.4425,0
2025-02-19 09:00,9.4300,9.4300,9.4200,9.4200,946
2025-02-19 16:00,9.3650,9.3675,9.3650,9.3675,9
2025-02-20 08:00,9.5050,9.5050,9.5050,9.5050,0
2025-02-20 11:00,9.5175,9.5175,9.5175,9.5175,1
2025-02-20 15:00,9.4825,9.4825,9.4825,9.4825,2
2025-02-20 16:00,9.4825,9.5037,9.4825,9.5037,17
2025-02-21 08:00,9.4750,9.5025,9.4750,9.5025,51
2025-02-21 14:00,9.4625,9.4900,9.4500,9.4900,209
2025-02-21 16:00,9.4950,9.5063,9.4950,9.5063,234
2025-02-24 13:00,9.3500,9.3500,9.3500,9.3500,0
2025-02-24 16:00,9.2900,9.2900,9.2800,9.2863,14
2025-02-25 08:00,9.2250,9.2250,9.2250,9.2250,0
2025-02-25 15:00,9.1950,9.2000,9.1950,9.2000,2180
2025-02-25 16:00,9.1925,9.1925,9.1775,9.1775,0
2025-02-26 08:00,9.2450,9.2450,9.2450,9.2450,2698
2025-02-26 16:00,9.1425,9.1600,9.1425,9.1600,25
2025-02-27 08:00,9.2125,9.2125,9.2125,9.2125,0
2025-02-27 12:00,9.2250,9.2250,9.2250,9.2250,2
2025-02-27 16:00,9.1550,9.1650,9.1550,9.1650,2
2025-02-28 08:00,9.0450,9.0725,9.0450,9.0450,13
2025-02-28 16:00,9.0988,9.0988,9.0988,9.0988,0
2025-03-03 08:00,9.1875,9.2150,9.1875,9.2150,3
2025-03-03 14:00,9.3050,9.3175,9.3000,9.3175,660
2025-03-03 15:00,9.3025,9.3025,9.2850,9.2850,34
2025-03-03 16:00,9.2400,9.2525,9.2400,9.2525,32
2025-03-04 08:00,9.1950,9.1950,9.1950,9.1950,0
2025-03-04 15:00,9.2125,9.2125,9.2125,9.2125,2
2025-03-04 16:00,9.1875,9.1875,9.1850,9.1850,2
2025-03-05 08:00,9.2050,9.3225,9.2050,9.3225,736
2025-03-05 16:00,9.3875,9.3962,9.3875,9.3962,2
2025-03-06 16:00,9.5300,9.5525,9.5300,9.5475,87
2025-03-07 08:00,9.5025,9.5025,9.4800,9.4800,0
2025-03-07 12:00,9.4625,9.4625,9.4150,9.4150,1666
2025-03-07 15:00,9.4050,9.4050,9.4038,9.4038,14
2025-03-10 16:00,9.3025,9.3175,9.3025,9.3175,0
2025-03-11 08:00,9.3575,9.3575,9.3575,9.3575,128
2025-03-11 09:00,9.4100,9.4100,9.4100,9.4100,0
2025-03-11 11:00,9.4650,9.4650,9.4650,9.4650,184
2025-03-11 12:00,9.4875,9.4875,9.4750,9.4775,489
2025-03-11 14:00,9.4950,9.4950,9.4950,9.4950,0
2025-03-11 16:00,9.4875,9.4975,9.4875,9.4975,7
2025-03-12 10:00,9.6400,9.6400,9.6400,9.6400,0
2025-03-12 16:00,9.5450,9.5525,9.5450,9.5525,0
2025-03-13 08:00,9.5500,9.5500,9.5500,9.5500,97
2025-03-13 11:00,9.5625,9.5675,9.5625,9.5625,133
2025-03-13 16:00,9.6425,9.6587,9.6425,9.6587,1
2025-03-14 08:00,9.7225,9.7225,9.7000,9.7000,0
2025-03-14 10:00,9.7575,9.7575,9.7575,9.7575,4
2025-03-14 11:00,9.7675,9.7675,9.7675,9.7675,0
2025-03-14 13:00,9.6725,9.6725,9.6725,9.6725,11
2025-03-14 16:00,9.6850,9.6912,9.6850,9.6912,75
2025-03-17 08:00,9.4750,9.7225,9.4750,9.7225,40
2025-03-17 12:00,9.7275,9.7275,9.7275,9.7275,200
2025-03-17 16:00,9.6475,9.6488,9.6475,9.6488,0
2025-03-18 12:00,9.5050,9.5050,9.5050,9.5050,0
2025-03-18 16:00,9.5975,9.6325,9.5975,9.6325,14
2025-03-19 10:00,9.6075,9.6075,9.6075,9.6075,0
2025-03-19 16:00,9.5425,9.5425,9.5250,9.5300,59
2025-03-20 08:00,9.5675,9.5675,9.5675,9.5675,0
2025-03-20 10:00,9.5300,9.5300,9.5300,9.5300,1
2025-03-20 11:00,9.5100,9.5100,9.5100,9.5100,0
2025-03-20 16:00,9.5375,9.5375,9.5312,9.5312,2
2025-03-21 08:00,9.4525,9.4525,9.4525,9.4525,0
2025-03-21 16:00,9.5225,9.5487,9.5225,9.5487,1
2025-03-24 08:00,9.7300,9.7475,9.7300,9.7475,0
2025-03-24 13:00,9.6850,9.6850,9.6850,9.6850,22
2025-03-24 16:00,9.6275,9.6400,9.6275,9.6400,269
2025-03-25 08:00,9.7575,9.7575,9.7075,9.7075,0
2025-03-25 16:00,9.6775,9.6938,9.6775,9.6938,7
2025-03-26 16:00,9.6425,9.6613,9.6425,9.6613,0
2025-03-27 11:00,9.5000,9.5000,9.5000,9.5000,2
2025-03-27 16:00,9.4675,9.4675,9.4537,9.4537,1
2025-03-28 08:00,9.3600,9.3600,9.3600,9.3600,9
2025-03-28 13:00,9.3975,9.4025,9.3975,9.4025,1300
2025-03-28 16:00,9.3125,9.3175,9.3125,9.3175,0
2025-03-31 07:00,9.3025,9.3025,9.3025,9.3025,0
2025-03-31 08:00,9.2675,9.2675,9.2675,9.2675,0
2025-03-31 12:00,9.2875,9.2875,9.2875,9.2875,1
2025-03-31 15:00,9.2775,9.2887,9.2775,9.2887,1485
2025-04-01 07:00,9.3425,9.3500,9.3425,9.3500,0
2025-04-01 08:00,9.3225,9.3225,9.3025,9.3025,4
2025-04-01 13:00,9.2200,9.2200,9.2200,9.2200,9
2025-04-01 14:00,9.2050,9.2050,9.1950,9.2050,3160
2025-04-01 15:00,9.2225,9.2225,9.2087,9.2087,0
2025-04-02 07:00,9.1925,9.1925,9.1525,9.1525,0
2025-04-02 08:00,9.1650,9.1650,9.1650,9.1650,0
2025-04-02 13:00,9.1100,9.1100,9.1100,9.1100,0
2025-04-02 14:00,9.0675,9.0675,9.0675,9.0675,2
2025-04-02 15:00,9.0450,9.0725,9.0450,9.0725,9
2025-04-03 07:00,8.9725,8.9725,8.9725,8.9725,0
2025-04-03 08:00,8.9050,8.9425,8.9050,8.9425,0
2025-04-03 09:00,9.0125,9.0325,9.0050,9.0325,15101
2025-04-03 13:00,8.8650,8.8650,8.8650,8.8650,0
2025-04-03 14:00,8.8450,8.8725,8.8450,8.8500,12000
2025-04-03 15:00,8.8875,8.8875,8.8650,8.8650,0
2025-04-04 07:00,8.7850,8.7850,8.7850,8.7850,1
2025-04-04 08:00,8.8075,8.8075,8.8075,8.8075,0
2025-04-04 09:00,8.7725,8.7725,8.7725,8.7725,102
2025-04-04 15:00,8.7300,8.7300,8.6900,8.7000,0
2025-04-07 07:00,8.6675,8.6675,8.4550,8.4550,75
2025-04-07 08:00,8.5250,8.5250,8.5250,8.5250,0
2025-04-07 09:00,8.5300,8.5300,8.5300,8.5300,24
2025-04-07 12:00,8.4375,8.4700,8.4375,8.4700,0
2025-04-07 15:00,8.5875,8.5925,8.5875,8.5925,4
2025-04-08 07:00,8.5775,8.5775,8.4975,8.4975,0
2025-04-08 08:00,8.4750,8.4750,8.4750,8.4750,2
2025-04-08 11:00,8.5300,8.5300,8.5300,8.5300,6000
2025-04-08 12:00,8.5425,8.5425,8.5425,8.5425,0
2025-04-08 14:00,8.4875,8.4875,8.4875,8.4875,30
2025-04-08 15:00,8.4025,8.4038,8.4025,8.4038,0
2025-04-09 07:00,8.3025,8.3025,8.3000,8.3000,3
2025-04-09 10:00,8.3484,8.3484,8.3484,8.3484,200
2025-04-09 11:00,8.3025,8.3025,8.3025,8.3025,22
2025-04-09 12:00,8.3375,8.3375,8.2450,8.2600,0
2025-04-09 15:00,8.3900,8.4012,8.3900,8.4012,0
2025-04-10 08:00,8.5475,8.5475,8.5475,8.5475,0
2025-04-10 11:00,8.5650,8.5650,8.5650,8.5650,0
2025-04-10 14:00,8.6800,8.6800,8.6800,8.6800,2882
2025-04-10 15:00,8.6775,8.6775,8.6438,8.6438,0
2025-04-11 07:00,8.7275,8.7275,8.7275,8.7275,3
2025-04-11 12:00,8.6875,8.6875,8.6875,8.6875,0
2025-04-11 15:00,8.6950,8.6950,8.6775,8.6775,28
2025-04-14 07:00,8.7400,8.7450,8.7400,8.7450,0
2025-04-14 09:00,8.6500,8.6500,8.6475,8.6475,6024
2025-04-14 13:00,8.6000,8.6000,8.5925,8.5925,106
2025-04-14 14:00,8.6100,8.6100,8.6100,8.6100,1530
2025-04-14 15:00,8.6125,8.6125,8.6000,8.6000,0
2025-04-15 07:00,8.5925,8.5925,8.5925,8.5925,0
2025-04-15 08:00,8.6225,8.6225,8.6225,8.6225,2019
2025-04-15 15:00,8.5875,8.5875,8.5675,8.5675,2
2025-04-16 08:00,8.3650,8.4100,8.3225,8.4100,0
2025-04-16 14:00,8.4750,8.4750,8.4750,8.4750,0
2025-04-16 15:00,8.4725,8.4725,8.4613,8.4613,402
2025-04-17 07:00,8.4400,8.4925,8.4400,8.4925,0
2025-04-17 10:00,8.3875,8.3875,8.3875,8.3875,20
2025-04-17 12:00,8.4200,8.4200,8.4200,8.4200,37280
2025-04-17 13:00,8.4650,8.4650,8.4650,8.4650,19
2025-04-17 14:00,8.4700,8.4700,8.4263,8.4263,0
2025-04-22 07:00,8.5075,8.5325,8.4725,8.4725,115
2025-04-22 08:00,8.4650,8.4650,8.4650,8.4650,1440
2025-04-22 14:00,8.5750,8.5750,8.5750,8.5750,0
2025-04-22 15:00,8.4875,8.4950,8.4875,8.4950,845
2025-04-23 07:00,8.6300,8.6300,8.6300,8.6300,0
2025-04-23 08:00,8.6325,8.6325,8.6325,8.6325,0
2025-04-23 13:00,8.6750,8.6750,8.6750,8.6750,10
2025-04-23 15:00,8.6400,8.6400,8.6275,8.6275,1
2025-04-24 15:00,8.7600,8.7738,8.7600,8.7738,0
2025-04-25 07:00,8.7775,8.7775,8.7650,8.7650,0
2025-04-25 08:00,8.7250,8.7250,8.7250,8.7250,3
2025-04-25 14:00,8.6925,8.6925,8.6925,8.6925,31
2025-04-25 15:00,8.6600,8.6600,8.6450,8.6450,57
2025-04-28 07:00,8.6175,8.6200,8.6175,8.6200,0
2025-04-28 08:00,8.6300,8.6300,8.6125,8.6125,1
2025-04-29 10:00,8.7150,8.7150,8.7150,8.7150,1
2025-04-29 15:00,8.6500,8.6663,8.6500,8.6663,0
2025-04-30 07:00,8.6425,8.6425,8.6350,8.6350,0
2025-04-30 08:00,8.5475,8.5475,8.5475,8.5475,2
2025-04-30 11:00,8.6100,8.6100,8.6100,8.6100,2
2025-04-30 13:00,8.5700,8.5700,8.5700,8.5700,0
2025-04-30 15:00,8.4525,8.4675,8.4525,8.4675,46
2025-05-01 07:00,8.4950,8.5275,8.4950,8.5275,0
2025-05-01 08:00,8.5100,8.5100,8.5100,8.5100,0
2025-05-01 11:00,8.4825,8.4825,8.4825,8.4825,331
2025-05-01 15:00,8.4400,8.4412,8.4400,8.4412,0
2025-05-02 07:00,8.5650,8.5650,8.5625,8.5625,3
2025-05-02 15:00,8.5275,8.5275,8.5125,8.5125,2
2025-05-06 07:00,8.8100,8.8100,8.6400,8.6550,0
2025-05-06 08:00,8.5825,8.5825,8.5825,8.5825,2
2025-05-06 14:00,8.6350,8.6350,8.6350,8.6350,500
2025-05-06 15:00,8.6225,8.6225,8.6038,8.6038,0
2025-05-07 07:00,8.5725,8.5725,8.5375,8.5375,0
2025-05-08 07:00,8.5500,8.5600,8.5500,8.5600,1
2025-05-08 08:00,8.5450,8.5450,8.5450,8.5450,0
2025-05-08 15:00,8.5350,8.5562,8.5350,8.5562,3
2025-05-09 07:00,8.6275,8.6275,8.6275,8.6275,0
2025-05-09 13:00,8.6625,8.6625,8.6625,8.6625,0
2025-05-09 14:00,8.6850,8.6850,8.6850,8.6850,0
2025-05-09 15:00,8.6425,8.6775,8.6425,8.6775,2
2025-05-12 07:00,8.8100,8.8375,8.8100,8.8300,11675
2025-05-12 10:00,8.8475,8.8475,8.8475,8.8475,5500
2025-05-12 14:00,8.8225,8.8225,8.8225,8.8225,2829
2025-05-12 15:00,8.7925,8.7925,8.7475,8.7725,5505
2025-05-13 11:00,8.7475,8.8313,8.7475,8.8313,0
2025-05-14 07:00,8.9200,8.9200,8.9200,8.9200,0
2025-05-14 11:00,9.0600,9.0600,9.0600,9.0600,150
2025-05-14 12:00,9.0475,9.0475,9.0475,9.0475,0
2025-05-14 13:00,9.0700,9.0700,9.0700,9.0700,6150
2025-05-14 14:00,9.0950,9.0950,9.0075,9.0075,2400
2025-05-14 15:00,9.0625,9.0625,9.0525,9.0525,91
2025-05-15 07:00,9.0000,9.0000,9.0000,9.0000,0
2025-05-15 13:00,8.8925,8.8925,8.8925,8.8925,0
2025-05-15 15:00,8.9275,8.9275,8.8875,8.8875,1
2025-05-16 07:00,8.8575,8.8575,8.6750,8.8575,0
2025-05-16 10:00,8.8175,8.8175,8.8175,8.8175,2
2025-05-16 15:00,8.8300,8.8300,8.8175,8.8175,1
2025-05-19 07:00,8.7675,8.7950,8.7675,8.7725,11
2025-05-19 13:00,8.7700,8.7700,8.7700,8.7700,52
2025-05-19 15:00,8.7825,8.7825,8.7563,8.7563,3
2025-05-20 07:00,8.7375,8.7375,8.7100,8.7100,0
2025-05-20 12:00,8.8325,8.8325,8.8325,8.8325,472
2025-05-20 14:00,8.8575,8.9000,8.8575,8.9000,1343
2025-05-20 15:00,8.9025,8.9025,8.8562,8.8562,0
2025-05-21 09:00,8.8700,8.8700,8.8700,8.8700,0
2025-05-21 13:00,8.8175,8.8175,8.7762,8.7762,327
2025-05-22 07:00,8.7725,8.7725,8.7725,8.7725,16
2025-05-22 11:00,8.8250,8.8313,8.8250,8.8313,0
2025-05-23 07:00,8.8250,8.8250,8.8250,8.8250,0
2025-05-23 08:00,8.8600,8.8600,8.8600,8.8600,50
2025-05-23 12:00,8.7800,8.8300,8.7800,8.8300,6
2025-05-23 13:00,8.7700,8.8375,8.7700,8.8325,29
2025-05-23 15:00,8.8175,8.8800,8.8175,8.8800,0
2025-05-27 07:00,8.8175,8.8375,8.8175,8.8375,0
2025-05-27 08:00,8.8575,8.8575,8.8575,8.8575,9999
2025-05-27 13:00,8.8300,8.8300,8.8300,8.8300,658
2025-05-27 15:00,8.7850,8.8375,8.7850,8.8375,0
2025-05-28 08:00,8.8575,8.8575,8.8575,8.8575,0
2025-05-28 09:00,8.8800,8.8800,8.7937,8.7937,0
2025-05-29 07:00,8.9125,8.9125,8.9125,8.9125,3
2025-05-29 08:00,8.9325,8.9325,8.9325,8.9325,892
2025-05-29 09:00,8.9125,8.9125,8.9125,8.9125,854
2025-05-29 10:00,8.8750,8.8750,8.8700,8.8700,52329
2025-05-29 13:00,8.7900,8.7900,8.7900,8.7900,0
2025-05-29 15:00,8.8150,8.8150,8.7650,8.7650,1
2025-05-30 13:00,8.6225,8.6225,8.6225,8.6225,0
2025-05-30 15:00,8.5875,8.5875,8.5588,8.5588,360
2025-06-02 07:00,8.6625,8.6975,8.6125,8.6975,0
2025-06-02 12:00,8.7950,8.7950,8.7950,8.7950,0
2025-06-02 14:00,8.8275,8.8350,8.8275,8.8325,356
2025-06-02 15:00,8.8475,8.8475,8.8225,8.8300,173
2025-06-03 10:00,8.8175,8.8175,8.8175,8.8175,0
2025-06-03 14:00,8.8175,8.8175,8.8175,8.8175,397
2025-06-03 15:00,8.8400,8.8400,8.8275,8.8275,0
2025-06-04 15:00,8.8225,8.8225,8.8062,8.8062,0
2025-06-05 07:00,8.8500,8.8525,8.8500,8.8525,0
2025-06-05 14:00,8.7875,8.8200,8.7850,8.8200,98
2025-06-05 15:00,8.8125,8.8125,8.7812,8.7812,2
2025-06-06 07:00,8.7825,8.7825,8.7475,8.7475,230
2025-06-06 15:00,8.7200,8.7200,8.7025,8.7025,0
2025-06-09 07:00,8.7225,8.7225,8.7100,8.7100,2
2025-06-09 12:00,8.6250,8.6250,8.6250,8.6250,0
2025-06-09 13:00,8.6250,8.6275,8.6250,8.6275,0
2025-06-09 15:00,8.6375,8.6438,8.6375,8.6438,409
2025-06-10 07:00,8.6200,8.6400,8.6200,8.6400,18250
2025-06-10 09:00,8.6375,8.6375,8.6375,8.6375,0
2025-06-10 11:00,8.6300,8.6300,8.6300,8.6300,12700
2025-06-10 12:00,8.6300,8.6300,8.6300,8.6300,3650
2025-06-10 13:00,8.6275,8.6400,8.6275,8.6400,4300
2025-06-10 14:00,8.6525,8.6562,8.6525,8.6562,0
2025-06-11 07:00,8.7825,8.7825,8.7825,8.7825,3
2025-06-11 15:00,8.6725,8.6725,8.6587,8.6587,168
2025-06-12 09:00,8.5800,8.5800,8.5800,8.5800,0
2025-06-12 10:00,8.5950,8.5950,8.5950,8.5950,0
2025-06-12 13:00,8.5950,8.5950,8.5950,8.5950,400
2025-06-12 14:00,8.6525,8.6525,8.6525,8.6525,0
2025-06-12 15:00,8.6475,8.6475,8.6088,8.6088,11
2025-06-13 07:00,8.7125,8.7125,8.5100,8.5100,989
2025-06-13 08:00,8.5250,8.5250,8.5025,8.5200,4873
2025-06-13 09:00,8.4900,8.4900,8.4900,8.4900,11
2025-06-13 14:00,8.5650,8.5650,8.5100,8.5100,4449
2025-06-13 15:00,8.5750,8.5750,8.5500,8.5500,11
2025-06-16 07:00,8.4150,8.6400,8.4150,8.6400,0
2025-06-16 08:00,8.6300,8.6300,8.6300,8.6300,0
2025-06-16 13:00,8.7050,8.7050,8.7050,8.7050,0
2025-06-16 15:00,8.6500,8.6500,8.6500,8.6500,154
2025-06-17 07:00,8.6675,8.6675,8.6675,8.6675,106
2025-06-17 08:00,8.6575,8.6575,8.6575,8.6575,0
2025-06-17 15:00,8.6500,8.6500,8.6075,8.6075,476
2025-06-18 11:00,8.5725,8.5725,8.5725,8.5725,0
2025-06-18 14:00,8.5750,8.6625,8.5750,8.6625,2
2025-06-18 15:00,8.6000,8.6000,8.6000,8.6000,114
2025-06-19 07:00,8.5500,8.5500,8.5500,8.5500,0
2025-06-19 09:00,8.5650,8.5650,8.5650,8.5650,5
2025-06-19 15:00,8.6012,8.6012,8.6012,8.6012,0
2025-06-20 11:00,8.5925,8.5925,8.5925,8.5925,5
2025-06-20 13:00,8.6650,8.6650,8.6650,8.6650,1
2025-06-20 14:00,8.6575,8.6575,8.6050,8.6100,1566
2025-06-20 15:00,8.6300,8.6775,8.6300,8.6775,1504
2025-06-23 07:00,8.6550,8.6775,8.6525,8.6525,0
2025-06-23 13:00,8.7500,8.7500,8.6875,8.6875,226
2025-06-23 15:00,8.7425,8.7513,8.7425,8.7513,253
2025-06-24 07:00,8.8050,8.8050,8.8050,8.8050,0
2025-06-24 10:00,8.8425,8.8750,8.8425,8.8750,303
2025-06-24 15:00,8.7563,8.7563,8.7563,8.7563,0
2025-06-25 07:00,8.8325,8.8450,8.8325,8.8450,0
2025-06-25 09:00,8.7950,8.7950,8.7950,8.7950,199
2025-06-25 13:00,8.8125,8.8150,8.8125,8.8150,0
2025-06-26 07:00,8.9125,8.9125,8.9125,8.9125,1
2025-06-26 08:00,8.9500,8.9625,8.9500,8.9625,1001
2025-06-26 11:00,8.9475,8.9475,8.9475,8.9475,2
2025-06-26 15:00,9.0425,9.0425,9.0312,9.0312,11
2025-06-27 07:00,9.0775,9.0775,9.0450,9.0450,0
2025-06-27 09:00,8.9725,8.9725,8.9725,8.9725,35
2025-06-27 11:00,9.0425,9.0425,9.0425,9.0425,2
2025-06-27 15:00,9.0400,9.0700,9.0400,9.0700,44420
2025-06-30 07:00,9.0475,9.0475,9.0475,9.0475,0
2025-06-30 10:00,9.0600,9.0600,9.0600,9.0600,1
2025-06-30 12:00,9.0250,9.0250,9.0250,9.0250,1
2025-06-30 13:00,9.0000,9.0050,9.0000,9.0050,0
2025-06-30 14:00,9.0175,9.0175,9.0150,9.0150,32
2025-06-30 15:00,8.9850,8.9850,8.9750,8.9750,0
2025-07-01 07:00,8.9325,8.9600,8.9325,8.9600,12
2025-07-01 08:00,8.9275,8.9275,8.9275,8.9275,0
2025-07-01 09:00,8.9175,8.9175,8.9175,8.9175,1
2025-07-01 12:00,8.9225,8.9350,8.9225,8.9350,304
2025-07-01 13:00,8.9175,8.9175,8.9175,8.9175,2
2025-07-01 15:00,8.8525,8.8625,8.8525,8.8625,14
2025-07-02 07:00,8.8500,8.8500,8.8500,8.8500,0
2025-07-02 08:00,8.9050,8.9050,8.9050,8.9050,37200
2025-07-02 09:00,8.8975,8.8975,8.8850,8.8850,0
2025-07-02 10:00,8.8975,8.8975,8.8975,8.8975,0
2025-07-02 14:00,8.9550,8.9550,8.9550,8.9550,3300
2025-07-02 15:00,8.9750,8.9850,8.9750,8.9850,0
2025-07-03 07:00,8.9725,8.9725,8.9725,8.9725,0
2025-07-03 11:00,8.9700,8.9775,8.9700,8.9775,35
2025-07-03 14:00,8.9775,8.9775,8.9775,8.9775,141
2025-07-03 15:00,8.9550,8.9738,8.9550,8.9738,0
2025-07-04 07:00,8.9650,8.9650,8.9175,8.9175,219
2025-07-04 10:00,8.9175,8.9175,8.9175,8.9175,2
2025-07-04 13:00,8.9300,8.9300,8.9012,8.9012,2998
2025-07-07 07:00,8.8150,8.8175,8.7950,8.8025,0
2025-07-07 08:00,8.7700,8.7700,8.7700,8.7700,184
2025-07-07 11:00,8.8100,8.8100,8.8100,8.8100,10
2025-07-07 15:00,8.7700,8.7700,8.7550,8.7550,33
2025-07-08 07:00,8.7900,8.8150,8.7900,8.8150,0
2025-07-08 13:00,8.8450,8.8450,8.8450,8.8450,999
2025-07-08 15:00,8.8850,8.8850,8.8775,8.8775,0
2025-07-09 07:00,8.8900,8.8900,8.8900,8.8900,0
2025-07-09 08:00,8.9375,8.9375,8.9375,8.9375,2
2025-07-09 14:00,8.9400,8.9625,8.9400,8.9625,0
2025-07-09 15:00,8.9487,8.9487,8.9350,8.9487,4244
2025-07-10 07:00,9.0400,9.0400,9.0350,9.0350,776
2025-07-10 08:00,9.0475,9.0475,9.0475,9.0475,30
2025-07-10 09:00,9.0775,9.0775,9.0425,9.0425,3
2025-07-10 11:00,9.0900,9.0900,9.0800,9.0800,46590
2025-07-10 13:00,9.0675,9.0675,9.0675,9.0675,0
2025-07-10 14:00,9.0400,9.0400,9.0400,9.0400,27
2025-07-10 15:00,9.0600,9.0600,9.0463,9.0463,0
2025-07-11 07:00,9.0525,9.0525,9.0525,9.0525,248
2025-07-11 10:00,8.9686,8.9686,8.9686,8.9686,806
2025-07-11 11:00,9.0000,9.0000,9.0000,9.0000,0
2025-07-11 12:00,8.9550,8.9550,8.9550,8.9550,0
2025-07-11 14:00,8.9325,8.9325,8.9325,8.9325,5306
2025-07-11 15:00,8.9350,8.9462,8.9350,8.9462,0
2025-07-14 07:00,8.9600,8.9625,8.9600,8.9625,0
2025-07-14 13:00,8.8950,8.8950,8.8950,8.8950,3
2025-07-14 14:00,8.8700,8.9025,8.8700,8.9025,274
2025-07-14 15:00,8.9200,8.9200,8.9137,8.9137,4
2025-07-15 07:00,8.8700,8.8700,8.8700,8.8700,0
2025-07-15 09:00,8.8225,8.8225,8.8225,8.8225,18
2025-07-15 12:00,8.8050,8.8050,8.8050,8.8050,0
2025-07-15 13:00,8.8025,8.8075,8.8025,8.8075,0
2025-07-16 07:00,8.8000,8.8000,8.8000,8.8000,190
2025-07-16 08:00,8.8075,8.8075,8.8075,8.8075,2
2025-07-16 15:00,8.8200,8.8363,8.8200,8.8363,0
2025-07-17 07:00,8.8375,8.8375,8.8375,8.8375,1
2025-07-17 09:00,8.8375,8.8375,8.8375,8.8375,27
2025-07-17 12:00,8.8700,8.8700,8.8700,8.8700,0
2025-07-17 13:00,8.9225,8.9225,8.9225,8.9225,4702
2025-07-17 15:00,8.9250,8.9425,8.9250,8.9425,0
2025-07-18 07:00,8.9925,9.0450,8.9925,9.0450,155
2025-07-18 08:00,9.0925,9.0925,9.0925,9.0925,2
2025-07-18 09:00,9.1000,9.1425,9.1000,9.1425,22318
2025-07-18 12:00,9.1048,9.1048,9.1048,9.1048,0
2025-07-18 13:00,9.2050,9.2050,9.2050,9.2050,312
2025-07-18 15:00,9.2100,9.2100,9.2100,9.2100,125
